-- phpMyAdmin SQL Dump
-- version 4.5.1
-- http://www.phpmyadmin.net
--
-- Servidor: 127.0.0.1
-- Tiempo de generación: 05-09-2017 a las 20:55:03
-- Versión del servidor: 10.1.13-MariaDB
-- Versión de PHP: 5.6.23

SET SQL_MODE = "NO_AUTO_VALUE_ON_ZERO";
SET time_zone = "+00:00";


/*!40101 SET @OLD_CHARACTER_SET_CLIENT=@@CHARACTER_SET_CLIENT */;
/*!40101 SET @OLD_CHARACTER_SET_RESULTS=@@CHARACTER_SET_RESULTS */;
/*!40101 SET @OLD_COLLATION_CONNECTION=@@COLLATION_CONNECTION */;
/*!40101 SET NAMES utf8mb4 */;

--
-- Base de datos: `db_comex`
--
CREATE DATABASE IF NOT EXISTS `db_comex` DEFAULT CHARACTER SET utf8 COLLATE utf8_spanish_ci;
USE `db_comex`;

-- --------------------------------------------------------

--
-- Estructura de tabla para la tabla `alternativas`
--

CREATE TABLE `alternativas` (
  `id_alternativas` int(11) NOT NULL,
  `id_preguntas` int(11) NOT NULL,
  `alternativa` longtext COLLATE utf8_spanish_ci NOT NULL
) ENGINE=InnoDB DEFAULT CHARSET=utf8 COLLATE=utf8_spanish_ci;

--
-- Volcado de datos para la tabla `alternativas`
--

INSERT INTO `alternativas` (`id_alternativas`, `id_preguntas`, `alternativa`) VALUES
(1, 1, 'Sobre el valor FOB\r\n'),
(2, 1, 'Sobre el valor Neto de la venta\r\n'),
(3, 1, 'Sobre el valor Ex Work.\r\n'),
(4, 1, 'Ninguna de las anteriores.\r\n'),
(9, 2, 'Valor del dólar para determinar los Derechos de internación\r\n'),
(10, 2, 'Precio promedio del dólar en el Mercado cambiario forma\r\n'),
(11, 2, 'Precio del dólar establecido por el mercado cambiario Informal\r\n'),
(12, 2, 'Valor del dólar fijado por el BCCH o dólar acuerdo\r\n'),
(13, 3, 'El IVV\r\n'),
(14, 3, 'La factura comercial con instrucciones de embarque\r\n'),
(15, 3, 'El B/L\r\n'),
(16, 3, 'La orden de embarque\r\n'),
(17, 4, 'Factura comercial\r\n'),
(18, 4, 'Póliza de seguros\r\n'),
(19, 4, 'Contrato de compra venta\r\n'),
(20, 4, 'El B/L\r\n'),
(21, 5, 'Dólares de los Estados Unidos\r\n'),
(22, 5, 'Según la moneda facturada por el exportador\r\n'),
(23, 5, 'Según lo establecido por el B.C.CH.\r\n'),
(24, 5, 'En pesos chilenos\r\n'),
(25, 6, 'Aquellos con embarques menores a US$5 millones FOB\r\n'),
(26, 6, 'Aquellos con embarques mayores a US$5 millones FOB\r\n'),
(27, 6, 'Aquellos con embarque iguales o superiores a US$ 50 millones FOB\r\n'),
(28, 6, 'Aquellos con embarque iguales o menores a US$ 50 millones FOB\r\n'),
(29, 7, 'I y II\r\n'),
(30, 7, 'II y III\r\n'),
(31, 7, 'III y IV\r\n'),
(32, 7, 'I y III.\r\n'),
(33, 8, 'Representantes de las compañías de transporte\r\n'),
(34, 8, 'Venden espacios de carga de las Naves.\r\n'),
(35, 8, 'Son los dueños de las Naves.\r\n'),
(36, 8, 'Consolidan cargas en contenedores.\r\n'),
(37, 9, 'FCL/FCL\r\n'),
(38, 9, 'FCL/LCL\r\n'),
(39, 9, 'LCL/LCL\r\n'),
(40, 9, 'LCL/FCL\r\n'),
(41, 10, 'Sistema de pago diferido de derechos\r\n'),
(42, 10, 'Sistema de reintegro a exportaciones menores no tradicionales\r\n'),
(43, 10, 'Sistema de reintegro a exportaciones tradicionales\r\n'),
(44, 10, 'Sistema de pago diferido del valor de mercancías\r\n'),
(49, 11, 'Fluctuación del tipo de cambio\r\n'),
(50, 11, 'Embarque fuera de plazo\r\n'),
(51, 11, 'Flete interno\r\n'),
(52, 11, 'Fluctuación del precio del petróleo.\r\n'),
(53, 12, 'Pagadero en destino\r\n'),
(54, 12, 'Pagadero en el puerto de desembarque\r\n'),
(55, 12, 'No se paga\r\n'),
(56, 12, 'Pagadero en origen.\r\n'),
(57, 13, 'Separar las cargas por tipo de carga\r\n'),
(58, 13, 'Agrupar embalajes homólogos en una sola unidad\r\n'),
(59, 13, 'Identificar bultos las cargas de acuerdo a su naturaleza\r\n'),
(60, 13, 'Enzunchar las cargas\r\n'),
(61, 14, 'solo III\r\n'),
(62, 14, 'I y III\r\n'),
(63, 14, 'III y IV\r\n'),
(64, 14, 'solo IV\r\n'),
(65, 15, 'solo IV\r\n'),
(66, 15, 'I y II\r\n'),
(67, 15, 'I , II , y IV\r\n'),
(68, 15, 'I , II , III\r\n'),
(69, 16, 'solo I\r\n'),
(70, 16, 'I y II\r\n'),
(71, 16, 'I y III\r\n'),
(72, 16, 'II y IV\r\n'),
(73, 17, 'I, II, III\r\n'),
(74, 17, 'II, III, IV\r\n'),
(75, 17, 'I, II, III, IV\r\n'),
(76, 17, 'I, II, IV\r\n'),
(77, 18, 'I, II\r\n'),
(78, 18, 'I, II, III\r\n'),
(79, 18, 'I, II, III, IV\r\n'),
(80, 18, 'I, III, IV\r\n'),
(81, 19, 'Permite enviar carga perecible\r\n'),
(82, 19, 'Hace USO de un espacio reservado en el Avión\r\n'),
(83, 19, 'Son dispositivos estandarizados\r\n'),
(84, 19, 'Todas las anteriores.\r\n'),
(85, 20, 'Contiene la relación de completa de carga en un determinado viaje\r\n'),
(86, 20, 'Contiene la información de una mercancía en un determinado viaje\r\n'),
(87, 20, 'Contiene la información requerida por la compañía de seguro\r\n'),
(88, 20, 'Contiene la relación de una carga en un determinado viaje\r\n'),
(89, 21, 'Santiago\r\n'),
(90, 21, 'San Antonio\r\n'),
(91, 21, 'Valparaíso\r\n'),
(92, 21, 'Iquique\r\n'),
(93, 22, 'I y II\r\n'),
(94, 22, 'solo I\r\n'),
(95, 22, 'I,II y IV\r\n'),
(96, 22, 'Todas\r\n'),
(97, 23, 'El espacio de mar o tierra en el cual se efectúan las operaciones materiales marítimas y terrestres de la movilización de las mercancías, el que, para los efectos de su jurisdicción es recinto aduanero y en el cual han de cargarse, descargarse, recibirse o revisarse las mercancías para su introducción o salida del territorio nacional.\r\n'),
(98, 23, 'La parte del territorio y aguas territoriales que le corresponda a cada Aduana en la distribución que de ellos haga el Director Nacional de Aduanas, para los efectos de la competencia y obligaciones de cada una. \r\n'),
(99, 23, 'De la zona secundaria en la cual se establecen prohibiciones y restricciones especiales para las existencias y tráfico de mercancías. \r\n'),
(100, 23, 'Todo el territorio Nacional en el cual el servicio ejerce sus facultades y atribuciones\r\n'),
(101, 24, 'Conocimiento de Embarque\r\n'),
(102, 24, 'Factura comercial\r\n'),
(103, 24, 'Certificado fitosanitario\r\n'),
(104, 24, 'Certificado de Origen\r\n'),
(105, 25, 'Entregar un servicio integral\r\n'),
(106, 25, 'Dar un servicio de calidad\r\n'),
(107, 25, 'Reducir costos\r\n'),
(108, 25, 'Usar la unitización de carga\r\n'),
(109, 26, 'Ordenanza de Aduanas\r\n'),
(110, 26, 'Potestad Aduanera\r\n'),
(111, 26, 'Compendio de normas Aduaneras\r\n'),
(112, 26, 'Arancel de la República de Chile\r\n'),
(113, 27, 'Almacén extra portuario\r\n'),
(114, 27, 'Almacén particular\r\n'),
(115, 27, 'Bodegas de Importador\r\n'),
(116, 27, 'Acarreo\r\n'),
(117, 28, 'Mercancía Nacionalizada\r\n'),
(118, 28, 'Mercancía-Nacional\r\n'),
(119, 28, 'País-de-transito\r\n'),
(120, 28, 'País de origen\r\n'),
(121, 29, 'Reembalaje\r\n'),
(122, 29, 'Reconocimiento\r\n'),
(123, 29, 'División de bultos\r\n'),
(124, 29, 'Consolidación\r\n'),
(125, 30, 'Redestinacion\r\n'),
(126, 30, 'Transbordo\r\n'),
(127, 30, 'Transito\r\n'),
(128, 30, 'Reembalaje\r\n'),
(129, 31, 'Exportación\r\n'),
(130, 31, 'Importación\r\n'),
(131, 31, 'Reexportación\r\n'),
(132, 31, 'Reimportación\r\n'),
(133, 32, 'Transito Internacionnal\r\n'),
(134, 32, 'Redestinación\r\n'),
(135, 32, 'Transbordo\r\n'),
(136, 32, 'Cabotaje\r\n'),
(137, 33, 'I y II\r\n'),
(138, 33, 'II y IV\r\n'),
(139, 33, 'I, II, y III\r\n'),
(140, 33, 'Todas\r\n'),
(141, 34, 'Trecho o Tramo\r\n'),
(142, 34, 'Monto Asegurado\r\n'),
(143, 34, 'Riesgos cubiertos\r\n'),
(144, 34, 'Todas las anteriores\r\n'),
(145, 35, 'Ingreso de mercancías al país\r\n'),
(146, 35, 'Ingreso de mercancías legales para su uso o consumo interno, previo pago de derechos y/o impuestos\r\n'),
(147, 35, 'Salida de mercancías del país\r\n'),
(148, 35, 'Ingreso de mercancías al país por un periodo determinado de tiempo\r\n'),
(149, 36, 'La zona geográfica\r\n'),
(150, 36, 'Los convenios internacionales\r\n'),
(151, 36, 'El riesgo país\r\n'),
(152, 36, 'Todas las anteriores\r\n'),
(153, 37, 'La distancia\r\n'),
(154, 37, 'los convenios internacionales\r\n'),
(155, 37, 'El Grado de confianza entre las partes\r\n'),
(156, 37, 'La frecuencia de las exportaciones del proveedor\r\n'),
(157, 38, 'La participación de los bancos en la gestión por del cobro\r\n'),
(158, 38, 'la participación de la CCI como organismo garante del pago\r\n'),
(159, 38, 'El envío de un documento financiero para gestionar el cobro\r\n'),
(160, 38, 'importa el grado de confianza entre las partes, ya que intervienen los bancos en el pago\r\n'),
(161, 39, 'Los bancos realizan el cobro por cuenta propia a cambio de las comisiones cobradas\r\n'),
(162, 39, 'Los bancos realizan el cobro de acuerdo a instrucciones recibidas por parte del exportador\r\n'),
(163, 39, 'Los bancos realizan el cobro de acuerdo a instrucciones recibidas del importador\r\n'),
(164, 39, 'Los bancos no tiene responsabilidad, a excepción de las indicadas por el importador\r\n'),
(165, 40, 'No tendrá responsabilidad por la demora en la notificación\r\n'),
(166, 40, 'Tendrá responsabilidad por la dirección equivocada\r\n'),
(167, 40, 'Tendrá obligación con respecto a la demora ante los perjuicios que esta demora pudiera causar\r\n'),
(168, 40, 'Tendrá obligación de acceder a la dirección correcta para no tener demora en la notificación\r\n'),
(169, 41, 'Insegura por que los bancos no garantizan los pagos\r\n'),
(170, 41, 'Segura por la intervención de los bancos\r\n'),
(171, 41, 'Segura por que existe una letra de cambios\r\n'),
(172, 41, 'segura por tratarse de un crédito otorgado por el beneficiario de esta.\r\n'),
(173, 42, 'La notificación por parte del banco emisor al importador que tiene los documentos en su poder\r\n'),
(174, 42, 'La notificación por parte del banco emisor al importador de la apertura de la carta de crédito\r\n'),
(175, 42, 'La notificación por parte del banco corresponsal al exportador de la apertura de la carta de crédito\r\n'),
(176, 42, 'La notificación al importador de parte del exportador que ya ha realizado el embarque\r\n'),
(177, 43, 'usd 100.000,00\r\n'),
(178, 43, 'usd 150.000,00\r\n'),
(179, 43, 'usd 200.000,00\r\n'),
(180, 43, 'Dependerá exclusivamente del cliente\r\n'),
(181, 44, '15 días\r\n'),
(182, 44, '30 días\r\n'),
(183, 44, '45 días\r\n'),
(184, 44, '60 días\r\n'),
(185, 45, 'La Organización Mundial de Comercio\r\n'),
(186, 45, 'La Cámara de Comercio Internacional\r\n'),
(187, 45, 'El GATT\r\n'),
(188, 45, 'La convención de Viena de 1980\r\n'),
(189, 46, 'Los derechos y obligaciones del comprador\r\n'),
(190, 46, 'Los derechos y obligaciones del transportista\r\n'),
(191, 46, 'Solamente los derechos del comprador\r\n'),
(192, 46, 'Solamente los derechos del transportista\r\n'),
(193, 47, 'Se utiliza cuando existe plena confianza entre las partes\r\n'),
(194, 47, 'Se utiliza cuando no existe plena confianza entre las partes\r\n'),
(195, 47, 'Da seguridad debido a la intervención de los bancos en la transferencia del dinero\r\n'),
(196, 47, 'Existe un documento financiero que respalda la operación\r\n'),
(197, 48, 'Considerar la experiencia dentro del comercio exterior\r\n'),
(198, 48, 'Considerar la legislación aplicable a las formas de pago de acuerdo a la CCI\r\n'),
(199, 48, 'Considerar la confianza que exista entre las partes\r\n'),
(200, 48, 'Todas las anteriores\r\n'),
(201, 49, 'El exportador\r\n'),
(202, 49, 'El importador\r\n'),
(203, 49, 'El banco remitente\r\n'),
(204, 49, 'El banco cobrador\r\n'),
(205, 50, 'Aquella en que se requiere solo la presentación del b/l para gestionar su cobro\r\n'),
(206, 50, 'Aquella en que se requiere solo la presentación de la factura comercial para gestionar su cobro\r\n'),
(207, 50, 'Aquella en que se requiere solo la presentación del documento financiero para gestionar su cobro\r\n'),
(208, 50, 'Aquella en que se requiere solo la presentación de los documentos comerciales para gestionar su cobro\r\n'),
(209, 51, 'Rotativa\r\n'),
(210, 51, 'A la vista\r\n'),
(211, 51, 'A plazo\r\n'),
(212, 51, 'Revocable o Irrevocable\r\n'),
(213, 52, 'Aquella en que el vencimiento cuenta desde la aceptación del documento financiero\r\n'),
(214, 52, 'Aquella en que el vencimiento cuenta desde la fecha de embarque\r\n'),
(215, 52, 'Aquella en que el vencimiento es el mismo día de retiro de la documentación\r\n'),
(216, 52, 'Aquella en que el vencimiento esta determinado por el banco remitente\r\n'),
(217, 53, 'La apertura, cobertura y negociación\r\n'),
(218, 53, 'La negociación, cobertura y apertura\r\n'),
(219, 53, 'La cobertura, apertura y negociación\r\n'),
(220, 53, 'La apertura, negociación y cobertura\r\n'),
(221, 54, 'El DUS\r\n'),
(222, 54, 'La presentación al SNA del contrato de compraventa internacional\r\n'),
(223, 54, 'La DI, y pagados los derechos e impuestos aduaneros\r\n'),
(224, 54, 'Cursada la solicitud de destinación aduanera\r\n'),
(225, 55, 'Se determinarán con el tipo de cambio del dólar del penúltimo día hábil del mes anterior\r\n'),
(226, 55, 'En el caso de pagos morosos, serán reliquidados por el Servicio de Impuestos Internos\r\n'),
(227, 55, 'En el caso de pagos morosos, serán reliquidados por el banco que recibe el pago\r\n'),
(228, 55, 'Se determinarán con el tipo de cambio del dólar observado.\r\n'),
(229, 56, 'La copia de la declaración debidamente legalizada por el Servicio Nacional de Aduanas con el comprobante del pago de los gravámenes, derechos e impuestos\r\n'),
(230, 56, 'La copia de la factura comercial\r\n'),
(231, 56, 'Packing list\r\n'),
(232, 56, 'Copia no negociable del B/L\r\n'),
(233, 57, 'La página web del Servicio de Impuestos Internos\r\n'),
(234, 57, 'La página web de la Tesorería General de la República\r\n'),
(235, 57, 'El módulo, consulta pago electrónico del sitio Web del Servicio de Aduanas\r\n'),
(236, 57, 'La página web del Banco Estado.\r\n'),
(237, 58, 'Un valor FOB igual o superior a usd 5.000.000,00\r\n'),
(238, 58, 'Un valor FOB superior a usd 50.000.000,00\r\n'),
(239, 58, 'Un valor CIF igual o superior a usd 5.000.000,00\r\n'),
(240, 58, 'Un valor CIF igual o superior a usd 50.000.000,00\r\n'),
(241, 59, 'Una operación aduanera de abandono de las mercancías\r\n'),
(242, 59, 'Al movimiento de la mercancía que no signifique una destinación aduanera\r\n'),
(243, 59, 'Al ingreso al país de mercancías con restricción de acceso\r\n'),
(244, 59, 'A la destinación aduanera que pendiente del pago de los derechos de aduana\r\n'),
(245, 60, 'Recinto habilitado para almacenar mercancías que ingresan al país, a cargo del transportista\r\n'),
(246, 60, 'La almacén del exportador, donde realiza las maniobras de embalaje\r\n'),
(247, 60, 'Recinto habilitado para almacenar mercancías que ingresan al país, bajo potestad aduanera sin pagar los derechos e impuestos que causen en su importación\r\n'),
(248, 60, 'Recinto habilitado por el director de aduana por oficio o a petición de los interesados\r\n'),
(249, 61, 'Efectuar el despacho solo en operaciones que los autorice el Director Nacional\r\n'),
(250, 61, 'Efectuar despachos solo en regiones donde exista Puerto Marítimo\r\n'),
(251, 61, 'Efectuar operaciones en todo Chile\r\n'),
(252, 61, 'Efectuar operaciones en cualquier País\r\n'),
(253, 62, 'Se pueden acoger mercancías nacionales o extranjeras\r\n'),
(254, 62, 'El trámite ante Aduana lo debe realizar solo el dueño de la mercancía\r\n'),
(255, 62, 'La mercancía permanecerá por tiempo limitado en el país\r\n'),
(256, 62, 'Es una destinación aduanera provisoria\r\n'),
(257, 63, 'Envío de mercancías extranjeras desde una Aduana a otra del país, para los fines de su importación inmediata o para la continuación de su almacenamiento.\r\n'),
(258, 63, 'Régimen aduanero que permite el ingreso de ciertas mercancías extranjeras al territorio aduanero con suspensión del pago de los derechos arancelarios.\r\n'),
(259, 63, 'Salida al extranjero de mercancías nacionales o nacionalizadas con un fin determinado y para ser exportadas o reimportadas dentro de un plazo establecido.\r\n'),
(260, 63, 'Retorno al territorio nacional de mercancías nacionales o nacionalizadas\r\n'),
(261, 64, 'El cobro del derecho ad valorem\r\n'),
(262, 64, 'El valor de la mercancía para efectos de la tributación\r\n'),
(263, 64, 'Casificar la mercancía de acuerdo a la partida arancelaria\r\n'),
(264, 64, 'El valor del derecho ad valorem\r\n'),
(265, 65, 'Exportación y Salida Temporal.\r\n'),
(266, 65, 'Importación y Almacén Particular\r\n'),
(267, 65, 'Re-exportación y Admisión Temporal\r\n'),
(268, 65, 'Exportación e Importación.\r\n'),
(269, 66, 'Salida Temporal y exportación\r\n'),
(270, 66, 'Admisión Temporal para perfeccionamiento Activo e Importación.\r\n'),
(271, 66, 'Almacén Particular y Admisión Temporal.\r\n'),
(272, 66, 'Exportación e Importación.\r\n'),
(273, 67, 'Exportación\r\n'),
(274, 67, 'Salida Temporal\r\n'),
(275, 67, 'Admisión Temporal\r\n'),
(276, 67, 'Re-exportación.\r\n'),
(277, 68, 'Exportación\r\n'),
(278, 68, 'Salida Temporal\r\n'),
(279, 68, 'Admisión Temporal\r\n'),
(280, 68, 'Re-exportación.\r\n'),
(281, 69, 'Importación.\r\n'),
(282, 69, 'Almacén Particular.\r\n'),
(283, 69, 'Admisión temporal para Perfeccionamiento Activo.\r\n'),
(284, 69, 'Salida Temporal.\r\n'),
(285, 70, 'Exportación\r\n'),
(286, 70, 'Importación.\r\n'),
(287, 70, 'Admisión Temporal\r\n'),
(288, 70, 'Re-exportación.\r\n'),
(289, 71, 'CIF\r\n'),
(290, 71, 'CFR\r\n'),
(291, 71, 'FOB\r\n'),
(292, 71, 'EXW\r\n'),
(293, 72, 'Tomar un seguro por la mercadería.\r\n'),
(294, 72, 'Realizar las gestiones de la importación.\r\n'),
(295, 72, 'Contratar y pagar el transporte principal a sus propias expensas.\r\n'),
(296, 72, 'Todas las anteriores.\r\n'),
(297, 73, 'L/C\r\n'),
(298, 73, 'B/L\r\n'),
(299, 73, 'CRT\r\n'),
(300, 73, 'AWB\r\n'),
(301, 74, 'EXW\r\n'),
(302, 74, 'CIF\r\n'),
(303, 74, 'DDP\r\n'),
(304, 74, 'FOB\r\n'),
(305, 75, 'La distribución de los gastos y la forma de pago de la mercancía.\r\n'),
(306, 75, 'Los documentos y la modalidad de venta de la exportación.\r\n'),
(307, 75, 'La entrega de las mercancías y la trasmisión de los riesgos.\r\n'),
(308, 75, 'Todas las anteriores.\r\n'),
(309, 76, 'El vendedor tiene obligación de contratar el seguro de la mercadería..\r\n'),
(310, 76, 'El comprador tiene obligación de contratar el transporte principal.\r\n'),
(311, 76, 'El vendedor tiene más responsabilidades que en clausula CIF\r\n'),
(312, 76, 'Todas las anteriores.\r\n'),
(313, 77, 'EL SERVICIO NACIONAL DE ADUANA\r\n'),
(314, 77, 'EL BANCO COMERCIAL\r\n'),
(315, 77, 'LA AGENCIA DE ADUANA\r\n'),
(316, 77, 'LA SOFOFA\r\n'),
(317, 78, 'SERVICIO NACIONAL DE ADUANA\r\n'),
(318, 78, 'BANCO COMERCIAL\r\n'),
(319, 78, 'AGENCIA DE ADUANA\r\n'),
(320, 78, 'SOFOFA\r\n'),
(321, 79, '180 días.\r\n'),
(322, 79, '90 días.\r\n'),
(323, 79, '15 días.\r\n'),
(324, 79, '1 año.\r\n'),
(325, 80, 'Decreto 18.708,\r\n'),
(326, 80, 'Decreto 18.840,\r\n'),
(327, 80, 'Decreto 4.239\r\n'),
(328, 80, 'Ley 835\r\n'),
(329, 81, 'Valor CIF de la Mercancía\r\n'),
(330, 81, 'Valor CFR de la Mercancía\r\n'),
(331, 81, 'Valor FOB de la Mercancía\r\n'),
(332, 81, 'Valor EXW de la Mercancía\r\n'),
(333, 82, 'Asegurar el Pago de los Derechos de Aduana en el País de Destino\r\n'),
(334, 82, 'Asegurar el Transporte de la mercancía\r\n'),
(335, 82, 'Evitar un posible impago por parte del Importador\r\n'),
(336, 82, 'Asegurar el Pago del I.V.A. en Chile\r\n'),
(337, 83, 'Ley 18.708,\r\n'),
(338, 83, 'Ley 18.840,\r\n'),
(339, 83, 'Ley 18.634,\r\n'),
(340, 83, 'Ley 825,\r\n'),
(341, 84, 'Sección II\r\n'),
(342, 84, 'Sección V\r\n'),
(343, 84, 'Sección XX\r\n'),
(344, 84, 'Sección XV\r\n'),
(345, 85, 'Sección XXI\r\n'),
(346, 85, 'Sección X\r\n'),
(347, 85, 'Sección XVI\r\n'),
(348, 85, 'Sección XIII\r\n'),
(349, 86, 'Separadamente\r\n'),
(350, 86, 'De acuerdo con los materiales que los compongan\r\n'),
(351, 86, 'En conjunto con el producto que contienen.\r\n'),
(352, 86, 'A como vengan ensamblado\r\n'),
(353, 87, 'Que la mercancía pudiera no llegar a destino\r\n'),
(354, 87, 'Que el Importador pudiera tener problemas de pago\r\n'),
(355, 87, 'Que Aduanas del País de destino no autorizara el ingreso de las mercancías\r\n'),
(356, 87, 'Que la mercancía tuviera problemas fitosanitarios\r\n'),
(357, 88, 'Diferencia entre lo declarado en la Lista de Empaque y el Conocimiento de Embarque\r\n'),
(358, 88, 'Si existiera una diferencia entre lo declarado en la Lista de Empaque y la Papeleta de Recepción\r\n'),
(359, 88, 'Si existiera una diferencia entre el Conocimiento de Embarque y la Papeleta de Recepción\r\n'),
(360, 88, 'Si existiera una diferencia entre el Conocimiento de Embarque y el manifiesto\r\n'),
(361, 89, 'Controlar las fronteras y puertos\r\n'),
(362, 89, 'Efectuar control en zonas de tratamiento aduanero especial\r\n'),
(363, 89, 'Cumplir las disposiciones legales de aduana\r\n'),
(364, 89, 'Todas las anteriores.\r\n'),
(365, 90, 'Al Presidente de la Republica\r\n'),
(366, 90, 'Al Ministro de Hacienda\r\n'),
(367, 90, 'Al Ministro de economía\r\n'),
(368, 90, 'Al Ministro de Transporte y tel.\r\n'),
(369, 91, 'Planificar el funcionamiento del SNA.\r\n'),
(370, 91, 'Intervenir cualquier Aduana del País.\r\n'),
(371, 91, 'Fallar en potenciales infracciones Aduaneras\r\n'),
(372, 91, 'Administrar las aduanas\r\n'),
(373, 92, 'En base a información requerida desde el extranjero únicamente\r\n'),
(374, 92, 'En base a información requerida en el medio nacional únicamente\r\n'),
(375, 92, 'Con la responsabilidad del emisor en cuanto a la autenticidad de la información dada.\r\n'),
(376, 92, 'En base a los antecedentes que tenga el servicio al respecto\r\n'),
(377, 93, 'Controlar la circulación y salida de personas\r\n'),
(378, 93, 'Controlar las cargas y mercancías en zona primarias\r\n'),
(379, 93, 'Coordinar con otros organismos fiscalizadores su labor\r\n'),
(380, 93, 'Representar al consignante o consignatario\r\n'),
(381, 94, '835/1974\r\n'),
(382, 94, '825/1974\r\n'),
(383, 94, '4321/1974\r\n'),
(384, 94, '18.840/1974\r\n'),
(385, 95, 'Exportación - Salida Temporal - Salida Temporal para Perfeccionamiento Activo - Reexportación.\r\n'),
(386, 95, 'Exportación- Reexportación-Salida perpetua\r\n'),
(387, 95, 'Importación- Salida Temporal - Salida Temporal para Perfeccionamiento Activo - Reexportación.\r\n'),
(388, 95, 'Exportación - Salida Temporal -Entrada Temporal para Perfeccionamiento Activo - Reexportación.\r\n'),
(389, 96, 'Las mercancías importaciones utilizan con principal documento aduanero el DUS\r\n'),
(390, 96, 'Cualquier persona puede ser agente de aduana, no se requieren condiciones especiales\r\n'),
(391, 96, 'El importador de mercancías debe ser necesariamente una persona natural o jurídica de nacionalidad chilena\r\n'),
(392, 96, 'El desaduanamiento o retiro de las mercancías desde la Aduana se efectúa por medio de una Destinación Aduanera, que se manifiesta en una Declaración Aduanera\r\n'),
(393, 97, '3%\r\n'),
(394, 97, '5%\r\n'),
(395, 97, '9%\r\n'),
(396, 97, '15%\r\n'),
(397, 98, 'Un porcentaje de la base impositiva, incluyendo derecho ad-valorem.\r\n'),
(398, 98, 'El valor CIF\r\n'),
(399, 98, 'Un porcentaje del valor aduanero, más el recargo por uso.\r\n'),
(400, 98, 'Un porcentaje del valor aduanero.\r\n'),
(401, 99, 'Método deductivo o procedimiento sustractivo\r\n'),
(402, 99, 'El Valor de transacción\r\n'),
(403, 99, 'El valor de transacción de mercancías idénticas\r\n'),
(404, 99, 'El valor de transacción de mercancías similares\r\n'),
(405, 100, 'Cantidad de mercancía ingresada al país\r\n'),
(406, 100, 'Ad-valorem\r\n'),
(407, 100, 'Total de impuestos que cauce su importación\r\n'),
(408, 100, 'Período de permanencia en el país\r\n'),
(409, 101, 'Principio de no exportar impuestos\r\n'),
(410, 101, 'Principio de adición de gastos de gravámenes\r\n'),
(411, 101, 'Principio del país de destino\r\n'),
(412, 101, 'Acuerdo GATT\r\n'),
(413, 102, 'CIF+/- Ajustes\r\n'),
(414, 102, 'CIF – Ajustes\r\n'),
(415, 102, 'CIF +/- Ad-valorem\r\n'),
(416, 102, 'CIF + Ajustes\r\n'),
(417, 103, 'Libre Competencia\r\n'),
(418, 103, 'Fijación de precios de mercado\r\n'),
(419, 103, 'Todas las mercancías no negociadas\r\n'),
(420, 103, 'Dumping\r\n'),
(421, 104, 'I y II\r\n'),
(422, 104, 'I y IV\r\n'),
(423, 104, 'Solo III\r\n'),
(424, 104, 'I, III y IV\r\n');

-- --------------------------------------------------------

--
-- Estructura de tabla para la tabla `correctas`
--

CREATE TABLE `correctas` (
  `id_correctas` int(11) NOT NULL,
  `id_preguntas` int(11) NOT NULL,
  `id_alternativas` int(11) NOT NULL
) ENGINE=InnoDB DEFAULT CHARSET=utf8 COLLATE=utf8_spanish_ci;

--
-- Volcado de datos para la tabla `correctas`
--

INSERT INTO `correctas` (`id_correctas`, `id_preguntas`, `id_alternativas`) VALUES
(3, 1, 4),
(4, 2, 9),
(5, 3, 14),
(6, 4, 20),
(7, 5, 22),
(8, 6, 27),
(9, 7, 31),
(10, 8, 35),
(11, 9, 38),
(12, 10, 43),
(13, 11, 52),
(14, 12, 56),
(15, 13, 58),
(16, 14, 63),
(17, 15, 68),
(18, 16, 71),
(19, 17, 75),
(20, 18, 77),
(21, 19, 83),
(22, 20, 85),
(23, 21, 91),
(24, 22, 96),
(25, 23, 97),
(26, 24, 104),
(27, 25, 107),
(28, 26, 110),
(29, 27, 113),
(30, 28, 120),
(31, 29, 122),
(32, 30, 125),
(33, 31, 131),
(34, 32, 133),
(35, 33, 140),
(36, 34, 143),
(37, 35, 146),
(38, 36, 152),
(39, 37, 155),
(40, 38, 159),
(41, 39, 163),
(42, 40, 165),
(43, 41, 170),
(44, 42, 175),
(45, 43, 180),
(46, 44, 184),
(47, 45, 186),
(48, 46, 189),
(49, 47, 193),
(50, 48, 199),
(51, 49, 201),
(52, 50, 207),
(53, 51, 212),
(54, 52, 214),
(55, 53, 220),
(56, 54, 223),
(57, 55, 225),
(58, 56, 229),
(59, 57, 235),
(60, 58, 238),
(61, 59, 244),
(62, 60, 247),
(63, 61, 251),
(64, 62, 255),
(65, 63, 258),
(66, 64, 262),
(67, 65, 268),
(68, 66, 271),
(69, 67, 274),
(70, 68, 280),
(71, 69, 283),
(72, 70, 285),
(73, 71, 291),
(74, 72, 294),
(75, 73, 298),
(76, 74, 303),
(77, 75, 307),
(78, 76, 310),
(79, 77, 315),
(80, 78, 320),
(81, 79, 322),
(82, 80, 327),
(108, 81, 331),
(109, 82, 335),
(110, 83, 337),
(111, 84, 344),
(112, 85, 347),
(113, 86, 351),
(114, 87, 354),
(115, 88, 358),
(116, 89, 364),
(117, 90, 366),
(118, 91, 372),
(119, 92, 375),
(120, 93, 380),
(121, 94, 382),
(122, 95, 385),
(123, 96, 392),
(124, 97, 393),
(125, 98, 397),
(126, 99, 402),
(127, 100, 407),
(128, 101, 409),
(129, 102, 413),
(130, 103, 420),
(131, 104, 421);

-- --------------------------------------------------------

--
-- Estructura de tabla para la tabla `preguntas`
--

CREATE TABLE `preguntas` (
  `id_preguntas` int(11) NOT NULL,
  `pregunta` longtext COLLATE utf8_spanish_ci NOT NULL,
  `estado` tinyint(4) NOT NULL DEFAULT '0'
) ENGINE=InnoDB DEFAULT CHARSET=utf8 COLLATE=utf8_spanish_ci;

--
-- Volcado de datos para la tabla `preguntas`
--

INSERT INTO `preguntas` (`id_preguntas`, `pregunta`, `estado`) VALUES
(1, 'El IVA en una exportación es aplicado:\r\n', 0),
(2, 'Dólar Aduanero, corresponde a:\r\n', 0),
(3, 'El DUS 1er mensaje se confecciona sobre la base de:\r\n', 0),
(4, 'El Documento que indicas titulo de propiedad de la mercancía durante el envío es:\r\n', 0),
(5, 'El valor de la mercancía importada, que se indican en los documentos de base para confeccionar una DIN, se indican en:\r\n', 0),
(6, 'Los siguientes Exportadores deberán informar al BCCH sobre el resultado de sus operaciones de Exportación.\r\n', 0),
(7, 'Los Agentes Despachadores de Aduanas son: I.- Intermediarios entre las cargas y las Cia. De transportes II.- Intermediarios entre los Importadores y exportadores III.- Representan a terceros frente al SNA. IV.- Generan la documentación en los despachos Aduaneros. Son correctas:\r\n', 0),
(8, 'Los Armadores en transporte Marítimo corresponden a:\r\n', 0),
(9, 'Cual de las siguientes opciones corresponde a una modalidad de uso de contenedores en la cual, es llenado con carga de un solo Exportador (consignante) para varios consignatarios:\r\n', 0),
(10, 'La ley N° 18.708 de fomento a las exportaciones, establece lo siguiente:\r\n', 0),
(11, 'Bunker corresponde a un recargo del flete por concepto de:\r\n', 0),
(12, 'Flete Prepaid corresponde a un Flete:\r\n', 0),
(13, 'Unitarizar corresponde a:\r\n', 0),
(14, 'Son unidades de unitarización de carga: I.- Las cajas II.- Los baúles III.- Los pallets IV.- Los container. Son correctas:\r\n', 0),
(15, 'Los Agentes de Naves son empresas que tienen como función: I.- Prestan servicios operacionales y comerciales a las cargas. II.- Se ocupan de vender el espacio de bodega de las naves. III.- De apoyar logísticamente a la nave. IV.- Tienen a su cargo los sitios de atraque de las naves.\r\n', 0),
(16, 'La capacidad de carga del contenedor de 40 pies es app: I.- 30.000 KG. II.- 18.000 KG. III.- 60 M3. IV.- 39 M3. Son correctas:\r\n', 0),
(17, 'La IATA, es: I.- Una asociación Internacional. II.- Agrupa a los transportistas Aéreos Internacionales. III.- Regula el transporte de personas y mercancías. IV.- Reúne compañías públicas y privadas. Son correctas:\r\n', 0),
(18, 'Handling, corresponde a un cargo que se relaciona o implica: I.- Manipulación de la carga. II.- Lo aplica el embarcador y lo refleja en la guía Aérea. III.- Podrá ser negociable de acuerdo a la periocidad de los embarques. IV.- es un honorario pagadero por la Cia. Aérea Al Forwarder por la carga que este le provee. Son correctas:\r\n', 0),
(19, 'Tarifa ULD’S es una tarifa especial dado que:\r\n', 0),
(20, 'Se entiende por manifiesto de carga, al documento que:\r\n', 0),
(21, 'La Dirección Nacional de Aduanas tiene su sede en:\r\n', 0),
(22, 'Serán Funciones del Servicio Nacional de Aduanas: I.- vigilar y fiscalizar el paso por las costas fronteras y aeropuertos de la república. II.- Intervenir en el tráfico para los efectos de recaudar los impuestos que afecten la importación, exportación y otros que determinen las leyes. III.- Generar las estadísticas que generen el trafico de mercancías. IV.- Facilitar el Comercio Exterior del País. Son correctas:\r\n', 0),
(23, 'Se entiende por Zona Primaria a:\r\n', 0),
(24, 'Documento particular que identifica las mercancías y en el cual la autoridad u organismo habilitado para expedirlo certifica expresamente que las mercancías a las cuales se refiere son originarias de un país determinado. Este certificado puede igualmente incluir una declaración del fabricante, productor, abastecedor o exportador o cualquier otra persona competente y se denomina:\r\n', 0),
(25, 'Uno de los objetivos primordiales de la logística es:\r\n', 0),
(26, 'Todas las mercancías que ingresen al país desde el extranjero o de zona de tratamiento aduanero especial, quedarán sometidas a la:\r\n', 0),
(27, 'Recinto de depósito aduanero destinado a prestar servicios a terceros, donde puede almacenarse cualquiera mercancía hasta el momento de su retiro, para importación, exportación u otra destinación aduanera, es un:\r\n', 0),
(28, 'País en el cual las mercancías han sido extraídas, cosechadas, criadas, fabricadas o armadas total o parcialmente a partir de productos originarios del mismo, y/o de un porcentaje o el total de insumos importados a él, bajo las condiciones que en cada oportunidad convengan los Estados contratantes de un Acuerdo Internacional, es:\r\n', 0),
(29, 'Operación por medio de la cual el despachador con mandato para despachar o el interesado, revisa o inspecciona las mercancías en los recintos de depósito aduanero antes de someterlas a una destinación aduanera, se denomina:\r\n', 0),
(30, 'De mercancías extranjeras desde una Aduana a otra del país, para los fines de su importación inmediata o para la continuación de su almacenamiento, se conoce como:\r\n', 0),
(31, 'Retorno al extranjero de mercancías ingresadas legalmente al territorio nacional sin que se haya consumado legalmente su importación, corresponde a una:\r\n', 0),
(32, 'Paso de mercancías extranjeras, a través del país cuando éste forma parte de un trayecto total comenzado en el extranjero y que debe ser terminado fuera de sus fronteras, es:\r\n', 0),
(33, 'El Seguro es un contrato: I.- Definitivo. II.- Bilatera. III.- Condicional. IV.- Aleatorio.\r\n', 0),
(34, 'Cobertura de Seguros se relaciona con:\r\n', 0),
(35, 'Una importación es:\r\n', 0),
(36, 'Una búsqueda del mercado proveedor involucra:\r\n', 0),
(37, 'Son factores a tener en cuenta en la elección de un medio de pago, lo siguiente:\r\n', 0),
(38, 'La cobranza documentaria involucra:\r\n', 0),
(39, 'En la cobranza documentaria:\r\n', 0),
(40, 'En la cobranza documentaria, si el banco cobrador recibe una dirección de notificación al importador que no corresponda, este banco cobrador\r\n', 0),
(41, 'La carta de crédito es:\r\n', 0),
(42, 'La etapa de notificación o aviso, en una carta de crédito, corresponde a:\r\n', 0),
(43, 'El monto máximo a financiar en una carta de crédito es\r\n', 0),
(44, 'Las mercancías amparadas por declaraciones aduaneras, acogidas a la modalidad de trámite anticipado, deberán ser presentadas ante la Aduana en la cual se tramitó la declaración, en un plazo no superior a\r\n', 0),
(45, 'El contrato de compraventa internacional está regulado por:\r\n', 0),
(46, 'El contrato de compraventa internacional indica:\r\n', 0),
(47, 'La forma de pago contado:\r\n', 0),
(48, 'Determinar la forma de pago comprende:\r\n', 0),
(49, 'En la cobranza documentaria las instrucciones de cobro son entregadas por:\r\n', 0),
(50, 'La cobranza simple (Clean collectión) es:\r\n', 0),
(51, 'Una de las características de las cartas de crédito es que es\r\n', 0),
(52, 'La cobranza a plazo con vencimiento a determinados días vista es:\r\n', 0),
(53, 'El orden que se debe cumplir en las etapas de una carta de crédito, son:\r\n', 0),
(54, 'De acuerdo a la normativa aduanera vigente, la formalización de una importación se realiza con:\r\n', 0),
(55, 'Con respecto al pago de los derechos:\r\n', 0),
(56, 'Para efectuar el retiro de las mercancías desde zona primaria, el despachador deberá presentar ante el almacenista:\r\n', 0),
(57, 'En caso que la Declaración de Ingreso legalizada haya sido cancelada en forma electrónica, el almacenista deberá verificar el pago en:\r\n', 0),
(58, 'Deberán informar al Banco Central de Chile, los Importadores cuyas importaciones hayan sido por\r\n', 0),
(59, 'Entiende por régimen aduanero suspensivo, a:\r\n', 1),
(60, 'Corresponde a almacén particular de importación\r\n', 0),
(61, 'Los Agentes de Aduana pueden:\r\n', 0),
(62, 'La destinación aduanera de Tránsito Internacional, se caracteriza porque:\r\n', 0),
(63, 'La Admisión Temporal es:\r\n', 0),
(64, 'La valoración aduanera significa:\r\n', 0),
(65, 'Algunos ejemplos de destinaciones aduaneras “definitivas” son:\r\n', 0),
(66, 'Algunos ejemplos de destinaciones aduaneras “provisorias” son:\r\n', 0),
(67, 'La siguiente definición; “Salida de mercancías nacionales o nacionalizadas, por cierto período de tiempo desde el territorio nacional, sin perder su calidad de tales y sin pagar a su regreso los gravámenes que cause su reimportación" corresponde a:\r\n', 0),
(68, 'La siguiente definición "Retorno al exterior de mercancías extranjeras traídas al país y no nacionalizadas” corresponde a:\r\n', 0),
(69, 'El ingreso de una materia prima, parte o pieza extranjera para ser transformada o sometida a algún proceso de terminación, con el objeto exclusivo de exportar los productos resultantes del proceso corresponde a una operación de:\r\n', 0),
(70, 'La siguiente definición "envío legal de mercancías nacionales o nacionalizadas para su uso o consumo en el exterior corresponde a:\r\n', 0),
(71, 'En una operación de Comercio Exterior, un importador pacta con el exportador, que el vendedor debe entregar la mercancía sobre el barco en el puerto del país de origen, pero sin incluir el transporte internacional. ¿Qué INCOTERMS negocia?:\r\n', 0),
(72, 'El término CIF obliga al comprador a:\r\n', 0),
(73, 'El “Documento de transporte Marítimo” es:\r\n', 0),
(74, 'El INCOTERMS que entrega más obligaciones para el VENDEDOR es:\r\n', 0),
(75, 'Los INCOTERMS regulan:\r\n', 0),
(76, 'La cláusula FOB implica que:\r\n', 0),
(77, 'Un exportador realizará una venta de salmón ahumado por USD 15.000 CIP, a un cliente en Bolivia. ¿Quién debe ejecutar o realizar la operación ante la Aduana Chilena?\r\n', 0),
(78, 'A un exportador chileno le solicitaron un certificado de Origen por los cuadernos que está vendiendo a Perú. ¿Qué organismo debe certificar o validar el origen de los cuadernos?\r\n', 0),
(79, '¿Cuál es el plazo legal para el retiro de las mercancías desde su recepción en un depósito bajo jurisdicción aduanera?\r\n', 0),
(80, 'Indique a cuál (es) de los siguientes beneficios tributarios corresponde a la “Admisión temporal para perfeccionamiento activo” :\r\n', 0),
(81, 'Si Usted quisiera acogerse al beneficio de reintegro de la Ley 18.480, ¿sobre qué valor se calcula el beneficio?', 0),
(82, '¿Qué función cumplirá el Seguro de Crédito al Exportador?', 0),
(83, 'Indique a cuál (es) de los siguientes beneficios al exportador corresponde al de “Sistema de Reintegros”.', 0),
(84, 'Si usted debe realizar una Exportación de Planchas de Cobre a China, ¿En cuál sección del Arancel Aduanero debe clasificar el producto?', 0),
(85, 'Tomando en cuenta que usted esté realizando una importación de un producto eléctrico, este deberá clasificarse en que sección del Arancel Aduanero:', 0),
(86, 'La Regla 5 de Interpretación del Arancel Aduanero establece que para la importación de los estuches para cámaras fotográficas, instrumentos musicales, etc., especialmente apropiados para contener un artículo determinado, y presentados con los mismos artículos se clasificarán como:', 0),
(87, '¿Cuáles de los siguientes motivos le permitiría a Ud. Tomar un Seguro de Crédito al Exportador? ', 0),
(88, 'Pensando en que Ud. Será el Importador de una Mercancía, ¿En qué caso debe enviar una Carta de Reclamo a la Compañía de Seguros?', 0),
(89, 'La Potestad Aduanera corresponde a:', 0),
(90, 'El Director Nacional de Aduanas debe reportar de su gestión:', 0),
(91, 'El Director Nacional de Aduana NO tiene como función:', 0),
(92, 'Los reclamos o peticiones al SNA deben solicitarse:', 0),
(93, 'Las Agencias de Aduanas tienen como rol:', 0),
(94, 'La exención del IVA corresponde al DL Nº;', 0),
(95, '¿Cuáles son los regímenes aduaneros de salida de mercancías, que ampara un DUS?', 0),
(96, '¿Cuál de las siguientes afirmaciones es correcta?', 0),
(97, 'El beneficio de reintegro de la Ley 18.480, corresponde en un porcentaje de:', 0),
(98, 'del IVA corresponderá a:', 0),
(99, 'Conforme a lo señalado en el acuerdo GATT, el primer método de valoración corresponde a:', 0),
(100, 'La tasa por admisión temporal se calculará sobre:', 0),
(101, 'El país de origen no debe gravar los bienes exportados, corresponde a :', 0),
(102, 'La conformación del valor aduanero corresponde a:', 0),
(103, 'La Sobre tasa Arancelaria, puede ser aplicada en casos de:', 0),
(104, 'La importancia del conocimiento de embarque radica en: I La existencia de embarque de las mercancías. II Condiciones de transporte. III Información de pago de las mercancías. IV Origen de las mercancías. Seleccione una:', 0);

--
-- Índices para tablas volcadas
--

--
-- Indices de la tabla `alternativas`
--
ALTER TABLE `alternativas`
  ADD PRIMARY KEY (`id_alternativas`),
  ADD KEY `fk_alt_preg_idx` (`id_preguntas`);

--
-- Indices de la tabla `correctas`
--
ALTER TABLE `correctas`
  ADD PRIMARY KEY (`id_correctas`),
  ADD KEY `fk_correcta_pre_idx` (`id_preguntas`),
  ADD KEY `fk_correcta_alt_idx` (`id_alternativas`);

--
-- Indices de la tabla `preguntas`
--
ALTER TABLE `preguntas`
  ADD PRIMARY KEY (`id_preguntas`);

--
-- AUTO_INCREMENT de las tablas volcadas
--

--
-- AUTO_INCREMENT de la tabla `alternativas`
--
ALTER TABLE `alternativas`
  MODIFY `id_alternativas` int(11) NOT NULL AUTO_INCREMENT, AUTO_INCREMENT=425;
--
-- AUTO_INCREMENT de la tabla `correctas`
--
ALTER TABLE `correctas`
  MODIFY `id_correctas` int(11) NOT NULL AUTO_INCREMENT, AUTO_INCREMENT=132;
--
-- AUTO_INCREMENT de la tabla `preguntas`
--
ALTER TABLE `preguntas`
  MODIFY `id_preguntas` int(11) NOT NULL AUTO_INCREMENT, AUTO_INCREMENT=105;
--
-- Restricciones para tablas volcadas
--

--
-- Filtros para la tabla `alternativas`
--
ALTER TABLE `alternativas`
  ADD CONSTRAINT `fk_alt_preg` FOREIGN KEY (`id_preguntas`) REFERENCES `preguntas` (`id_preguntas`) ON DELETE NO ACTION ON UPDATE NO ACTION;

--
-- Filtros para la tabla `correctas`
--
ALTER TABLE `correctas`
  ADD CONSTRAINT `fk_correcta_alt` FOREIGN KEY (`id_alternativas`) REFERENCES `alternativas` (`id_alternativas`) ON DELETE NO ACTION ON UPDATE NO ACTION,
  ADD CONSTRAINT `fk_correcta_pre` FOREIGN KEY (`id_preguntas`) REFERENCES `preguntas` (`id_preguntas`) ON DELETE NO ACTION ON UPDATE NO ACTION;

/*!40101 SET CHARACTER_SET_CLIENT=@OLD_CHARACTER_SET_CLIENT */;
/*!40101 SET CHARACTER_SET_RESULTS=@OLD_CHARACTER_SET_RESULTS */;
/*!40101 SET COLLATION_CONNECTION=@OLD_COLLATION_CONNECTION */;
