-- phpMyAdmin SQL Dump
-- version 4.5.1
-- http://www.phpmyadmin.net
--
-- Servidor: 127.0.0.1
-- Tiempo de generación: 05-09-2017 a las 20:55:21
-- Versión del servidor: 10.1.13-MariaDB
-- Versión de PHP: 5.6.23

SET SQL_MODE = "NO_AUTO_VALUE_ON_ZERO";
SET time_zone = "+00:00";


/*!40101 SET @OLD_CHARACTER_SET_CLIENT=@@CHARACTER_SET_CLIENT */;
/*!40101 SET @OLD_CHARACTER_SET_RESULTS=@@CHARACTER_SET_RESULTS */;
/*!40101 SET @OLD_COLLATION_CONNECTION=@@COLLATION_CONNECTION */;
/*!40101 SET NAMES utf8mb4 */;

--
-- Base de datos: `db_logistica`
--
CREATE DATABASE IF NOT EXISTS `db_logistica` DEFAULT CHARACTER SET utf8 COLLATE utf8_spanish_ci;
USE `db_logistica`;

-- --------------------------------------------------------

--
-- Estructura de tabla para la tabla `alternativas`
--

CREATE TABLE `alternativas` (
  `id_alternativas` int(11) NOT NULL,
  `id_preguntas` int(11) NOT NULL,
  `alternativa` longtext COLLATE utf8_spanish_ci NOT NULL
) ENGINE=InnoDB DEFAULT CHARSET=utf8 COLLATE=utf8_spanish_ci;

--
-- Volcado de datos para la tabla `alternativas`
--

INSERT INTO `alternativas` (`id_alternativas`, `id_preguntas`, `alternativa`) VALUES
(1, 1, 'Porque existe una demanda creciente de los consumidores, no sólo por los mejores precios.\r\n'),
(2, 1, 'Para que los mercados se relacionen.\r\n'),
(3, 1, 'Porque no existe un desarrollo de comunicaciones o de sistemas.\r\n'),
(4, 1, 'Porque los clientes requieren sus mercaderías cuando el proveedor pueda entregar.\r\n'),
(5, 2, 'Planificación agregada, Preciso, Diseño de tareas y Layout de plantas.\r\n'),
(6, 2, 'Control de Producción, programación de producción, servicio al consumidor, transporte, control de inventario.\r\n'),
(7, 2, 'Diseño de plantas, presupuestos, control de calidad, layout de plantas.\r\n'),
(8, 2, 'Manejo de materiales, estudios de mercado, transporte, almacenamiento.\r\n'),
(9, 3, 'El tiempo de entrega sea el indicado por el proveedor\r\n'),
(10, 3, 'Entregue erróneamente los productos solicitados\r\n'),
(11, 3, 'La cantidad solicitada, se la cantidad entregada\r\n'),
(12, 3, 'El precio facturado sea el que corresponda a la Orden de Compra\r\n'),
(13, 4, 'Expandirse con clientes existentes y lograr otros nuevos.\r\n'),
(14, 4, 'Mantener un cliente, expandirse con los proveedores existentes y lograr otros nuevos.\r\n'),
(15, 4, 'Mantener un cliente, expandirse con clientes existentes y lograr otros nuevos.\r\n'),
(16, 4, 'Ninguna de las anteriores\r\n'),
(17, 5, 'Se realiza la recepción, custodia, almacenamiento y expedición de mercadería.\r\n'),
(18, 5, 'Se realiza la recepción, custodia, conservación, almacenamiento y expedición de mercadería.\r\n'),
(19, 5, 'Se realiza la recepción, preparación, conservación y expedición de mercadería.\r\n'),
(20, 5, 'Se realiza la recepción, custodia, conservación y expedición de mercadería.\r\n'),
(21, 6, 'Área de Devoluciones, Área de Materiales obsoletos, Área de Despacho y Área de Servicios\r\n'),
(22, 6, 'Área de Devoluciones, Área de Materiales obsoletos, Área de oficinas y administración y Área de Despacho\r\n'),
(23, 6, 'Área de Devoluciones, Área de Servicios, Área de Despacho y Área de Servicios\r\n'),
(24, 6, 'Área de Devoluciones, Área de Materiales obsoletos, Área de oficinas y administración y Área de Servicios\r\n'),
(25, 7, 'La mercadería almacenada, Sistema Logístico, Régimen Jurídico y Grado de automatización\r\n'),
(26, 7, 'La mercadería almacenada, Sistema Logístico, Régimen Jurídico y Sistema de Distribución\r\n'),
(27, 7, 'La mercadería almacenada, Régimen Jurídico, Sistema de Distribución y Grado de automatización\r\n'),
(28, 7, 'Sistema Logístico, Régimen Jurídico y Grado de automatización\r\n'),
(29, 8, 'EAN12\r\n'),
(30, 8, 'EAN13\r\n'),
(31, 8, 'EAN alfanumérico 14\r\n'),
(32, 8, 'EAN8\r\n'),
(33, 9, 'Mercadería que se desea almacenar, Cantidad de unidades que se reciben en un suministro, Frecuencia del suministro y La facilidad o dificultad para obtener suministros básicos\r\n'),
(34, 9, 'Mercadería que se desea almacenar, La facilidad o dificultad para obtener suministros básicos, Frecuencia del suministro y Medios de transporte interno y externo\r\n'),
(35, 9, 'Mercadería que se desea almacenar, Cantidad de unidades que se reciben en un suministro, La facilidad o dificultad para obtener suministros básicos y Medios de transporte interno y externo\r\n'),
(36, 9, 'Mercadería que se desea almacenar, Cantidad de unidades que se reciben en un suministro, Frecuencia del suministro y Medios de transporte interno y externo\r\n'),
(37, 10, 'Cargas ligeras, pequeñas, medias, paletizadas, voluminosas, volumen extraordinario.\r\n'),
(38, 10, 'Cargas pequeñas, medias, paletizadas, voluminosas, volumen extraordinario.\r\n'),
(39, 10, 'Cargas pequeñas, medias, voluminosas, volumen extraordinario.\r\n'),
(40, 10, 'Cargas pequeñas, medias, paletizadas, voluminosas, apilables.\r\n'),
(41, 11, 'Control de Calidad.\r\n'),
(42, 11, 'Política de Calidad.\r\n'),
(43, 11, 'Auditoría de Calidad.\r\n'),
(44, 11, 'Todas las anteriores.\r\n'),
(45, 12, 'Prevenir ocurrencia de problemas.\r\n'),
(46, 12, 'Identificar la causa.\r\n'),
(47, 12, 'Eliminar la causa.\r\n'),
(48, 12, 'Todas las anteriores\r\n'),
(49, 13, 'La organización enfocada en los clientes.\r\n'),
(50, 13, 'Liderazgo.\r\n'),
(51, 13, 'Compromiso del personal.\r\n'),
(52, 13, 'Todas las anteriores.\r\n'),
(53, 14, 'Establecer los puntos de inicio y fin del proceso.\r\n'),
(54, 14, 'No es necesario efectuar entrevistas.\r\n'),
(55, 14, 'Discutir, revisar y modificar.\r\n'),
(56, 14, 'Solo a y c.\r\n'),
(57, 15, 'Solo límite superior.\r\n'),
(58, 15, 'Solo límite inferior.\r\n'),
(59, 15, 'Solo a y b.\r\n'),
(60, 15, 'Ninguna de las anteriores.\r\n'),
(61, 16, 'Unidades de medida.\r\n'),
(62, 16, 'Periodicidad.\r\n'),
(63, 16, 'Expectativa.\r\n'),
(64, 16, 'Todas las anteriores.\r\n'),
(65, 17, 'Nivel de calidad.\r\n'),
(66, 17, 'Costes de calidad y no calidad.\r\n'),
(67, 17, 'Interrupciones forzadas.\r\n'),
(68, 17, 'Solo a, b, c.\r\n'),
(69, 18, 'Proyectos de inversión\r\n'),
(70, 18, 'Gestión de la empresa\r\n'),
(71, 18, 'Función logística\r\n'),
(72, 18, 'Todas las anteriores\r\n'),
(73, 19, 'Aprovechamiento adecuado del espacio físico\r\n'),
(74, 19, 'Control eficiente y expedito del manejo de materiales\r\n'),
(75, 19, 'Reducción de costos de almacenamiento\r\n'),
(76, 19, 'Todas las anteriores\r\n'),
(77, 20, 'Recepcionar y verificar mercancías\r\n'),
(78, 20, 'Generar los documentos pertinentes\r\n'),
(79, 20, 'Rechazar inconsistencias\r\n'),
(80, 20, 'Todas las anteriores\r\n'),
(81, 21, 'Almacenamiento directo\r\n'),
(82, 21, 'Almacenamiento indirecto\r\n'),
(83, 21, 'Almacenamiento organizado\r\n'),
(84, 21, 'Almacenamiento Caótico\r\n'),
(85, 22, 'Reduccion de tareas administrativas\r\n'),
(86, 22, 'Rapidez de entrega, fiabilidad, reducción de costos\r\n'),
(87, 22, 'Maximización del volumen disponible y minimizacion de las operaciones de manipulacion y transporte\r\n'),
(88, 22, 'B y C\r\n'),
(89, 23, 'Prevenir ocurrencia de problemas\r\n'),
(90, 23, 'Identificar la causa\r\n'),
(91, 23, 'Auditoria de calidad\r\n'),
(92, 23, 'Todas las anteriores\r\n'),
(93, 24, 'Establecer los puntos de inicio y fin del proceso\r\n'),
(94, 24, 'No es necesario efectuar entrevistas\r\n'),
(95, 24, 'Discutir, revisar y modificar\r\n'),
(96, 24, 'Solo a y c\r\n'),
(97, 25, 'Operación de descarga del almacén\r\n'),
(98, 25, 'Operación de fragmentación de la bodega\r\n'),
(99, 25, 'Operación de Control de Ingreso\r\n'),
(100, 25, 'Todas las anteriores.\r\n'),
(101, 26, 'La Custodia\r\n'),
(102, 26, 'El Movimiento\r\n'),
(103, 26, 'Los Inventarios\r\n'),
(104, 26, 'La Recepción\r\n'),
(105, 27, 'Mantenciones\r\n'),
(106, 27, 'Manipulaciones\r\n'),
(107, 27, 'Vanguardia.\r\n'),
(108, 27, 'Capacidad.\r\n'),
(109, 28, 'Evaluación de las ofertas y seguimiento de las compras.\r\n'),
(110, 28, 'Definición de los requerimientos y selección de los proveedores.\r\n'),
(111, 28, 'Llamado a licitación y selección de los proveedores.\r\n'),
(112, 28, 'Ejecución de la compra, seguimiento y pago a proveedores.\r\n'),
(113, 29, 'Rotación.\r\n'),
(114, 29, 'Quiebre.\r\n'),
(115, 29, 'Demanda.\r\n'),
(116, 29, 'Competencia.\r\n'),
(117, 30, 'Ver el mercado, ver el producto, ver las fichas técnicas.\r\n'),
(118, 30, 'Clasificar a los proveedores, informar los resultados, volver a cotizar.\r\n'),
(119, 30, 'Cotizar, hacer un listado de productos, establecer los criterios.\r\n'),
(120, 30, 'Establecer los criterios, registrar los resultados, tomar decisiones.\r\n'),
(121, 31, 'Programación\r\n'),
(122, 31, 'Distribución\r\n'),
(123, 31, 'Planificación y control\r\n'),
(124, 31, 'Almacenes centrales\r\n'),
(125, 32, 'Logística Inversa\r\n'),
(126, 32, 'Información\r\n'),
(127, 32, 'Residuos\r\n'),
(128, 32, 'Devoluciones\r\n'),
(129, 33, 'Niveles de Inventario de Producto para despacho.\r\n'),
(130, 33, 'Existencia de Producto en Fabricación que podrán ser despachadas en un corto plazo.\r\n'),
(131, 33, 'Producto en proceso de importación, el cual podrá ser despachado en un corto plazo.\r\n'),
(132, 33, 'Todas las anteriores.\r\n'),
(133, 34, '4 HP/ TN SAE\r\n'),
(134, 34, '3 HP/ TN SAE\r\n'),
(135, 34, '5 HP/ TN SAE\r\n'),
(136, 34, '6 HP/ TN SAE\r\n'),
(137, 35, 'Altura del Cielo Razo del CD.\r\n'),
(138, 35, 'Altura de Hombro del CD.\r\n'),
(139, 35, 'Altura máxima de los Racks almacenados.\r\n'),
(140, 35, 'Altura máxima de los bultos almacenados.\r\n'),
(141, 36, 'Conocimiento de Embarque\r\n'),
(142, 36, 'Factura Comercial\r\n'),
(143, 36, 'Guía de Despacho\r\n'),
(144, 36, 'Hoja de Carga/Descarga\r\n'),
(145, 37, 'Pronóstico de la demanda\r\n'),
(146, 37, 'Uso de Inventarios\r\n'),
(147, 37, 'Economías de Escala\r\n'),
(148, 37, 'Órdenes de Compra\r\n'),
(149, 38, 'Un vehículo transporta mayor cantidad de carga a la permitida\r\n'),
(150, 38, 'Un vehículo transporta menos cantidad de carga que la permitida\r\n'),
(151, 38, 'Se cobra un flete que en realidad no se realiza\r\n'),
(152, 38, 'Se realiza un transporte que posteriormente no puede ser cobrado\r\n'),
(153, 39, '180 Horas Mensuales en un mínimo de 21 días\r\n'),
(154, 39, '180 Horas Mensuales en un mínimo de 24 días\r\n'),
(155, 39, '150 Horas Mensuales en un mínimo de 20 días\r\n'),
(156, 39, '200 Horas Mensuales en un mínimo de 30 días\r\n'),
(157, 40, '11 Toneladas Brutas\r\n'),
(158, 40, '18 Toneladas Brutas\r\n'),
(159, 40, '7 Toneladas Brutas\r\n'),
(160, 40, '25 Toneladas Brutas\r\n'),
(161, 41, 'Programación'),
(162, 41, 'Distribución\r\n'),
(163, 41, 'Planificación y control\r\n'),
(164, 41, 'Almacenes centrales\r\n'),
(165, 42, 'Planificación y control\r\n'),
(166, 42, 'Distribución\r\n'),
(167, 42, 'Almacenes centrales\r\n'),
(168, 42, 'Programación\r\n'),
(169, 43, 'Planificación y control\r\n'),
(170, 43, 'Distribución\r\n'),
(171, 43, 'Programación\r\n'),
(172, 43, 'Almacenes centrales\r\n'),
(173, 44, 'Planificación y control\r\n'),
(174, 44, 'Programación\r\n'),
(175, 44, 'Almacenes centrales\r\n'),
(176, 44, 'Distribución\r\n'),
(177, 45, 'Planificación y control\r\n'),
(178, 45, 'Programación\r\n'),
(179, 45, 'Distribución\r\n'),
(180, 45, 'Transporte\r\n'),
(181, 46, 'Almacenamiento ordenado\r\n'),
(182, 46, 'Crossdocking\r\n'),
(183, 46, 'Almacenamiento Aleatorio\r\n'),
(184, 46, 'LTL\r\n'),
(185, 47, 'Crossdocking\r\n'),
(186, 47, 'FCL\r\n'),
(187, 47, 'Postponement\r\n'),
(188, 47, 'Just in Time\r\n'),
(189, 48, 'Crossdocking\r\n'),
(190, 48, 'Programación\r\n'),
(191, 48, 'Postponement\r\n'),
(192, 48, 'Diagrama de flujo de procesos\r\n'),
(193, 49, 'B2B\r\n'),
(194, 49, 'BAC\r\n'),
(195, 49, 'JIT\r\n'),
(196, 49, 'B2C\r\n'),
(197, 50, 'B2C\r\n'),
(198, 50, 'EDI\r\n'),
(199, 50, 'JIT\r\n'),
(200, 50, 'LTL\r\n'),
(201, 51, 'JAT\r\n'),
(202, 51, 'EDI\r\n'),
(203, 51, 'JIT'),
(204, 51, 'FLC'),
(205, 52, 'Despacho o distribución Interna\r\n'),
(206, 52, 'Almacenaje y manutención\r\n'),
(207, 52, 'Producción'),
(208, 52, 'Picking\r\n'),
(209, 53, 'Almacenaje y manutención\r\n'),
(210, 53, 'Mantenimiento de la seguridad\r\n'),
(211, 53, 'Determinación de procesos de transformación\r\n'),
(212, 53, 'Reposición oportuna\r\n'),
(213, 54, 'Letreros\r\n'),
(214, 54, 'Señaleticas\r\n'),
(215, 54, 'Pantallas localizadas en cada lugar de trabajo\r\n'),
(216, 54, 'Puntos guía\r\n'),
(217, 55, 'Disminuir el stock\r\n'),
(218, 55, 'Eliminar los proveedores\r\n'),
(219, 55, 'Aprovechamiento de descuentos en compra\r\n'),
(220, 55, 'Bajar los costos de distribución en la entrega\r\n'),
(221, 56, 'Mayor control en general para satisfacer el nivel de servicio deseado.\r\n'),
(222, 56, 'Inclusión de otras actividades dentro de la bodega\r\n'),
(223, 56, 'Altos costos\r\n'),
(224, 56, 'La no inversión del capital\r\n'),
(225, 57, 'Llevar liquídos\r\n'),
(226, 57, 'Unitarizar carga\r\n'),
(227, 57, 'Eliminar el uso de contenedores\r\n'),
(228, 57, 'Evitar el uso de marcas\r\n'),
(229, 58, '2 x 2 mts\r\n'),
(230, 58, '0,8 x 1,5 mts\r\n'),
(231, 58, '1 x 1.2 mts\r\n'),
(232, 58, '1,5 x 1,2 mts\r\n'),
(233, 59, 'Abierto en un costado\r\n'),
(234, 59, 'Refrigerado\r\n'),
(235, 59, 'Una plataforma\r\n'),
(236, 59, 'Usado para transportar líquidos\r\n'),
(237, 60, 'Carga refrigerada\r\n'),
(238, 60, 'Carga de mayor altura.\r\n'),
(239, 60, 'Cereales\r\n'),
(240, 60, 'Minerales'),
(241, 61, 'Flexitank\r\n'),
(242, 61, 'Dry Van\r\n'),
(243, 61, 'Open side\r\n'),
(244, 61, 'Tank\r\n'),
(245, 62, 'Contratar mano de obra barata\r\n'),
(246, 62, 'Estar en el centro de la ciudad\r\n'),
(247, 62, 'Aprovechar la altura máxima que permita el techo de la bodega y la estabilidad de la carga.\r\n'),
(248, 62, 'Estar cerca de una bencinera\r\n'),
(249, 63, 'Menores costos\r\n'),
(250, 63, 'Mayores costos\r\n'),
(251, 63, 'Mayor seguridad\r\n'),
(252, 63, 'Menos problemas de devoluciones\r\n'),
(253, 64, 'Una técnica\r\n'),
(254, 64, 'Una filosofía\r\n'),
(255, 64, 'Una estrategia\r\n'),
(256, 64, 'Un proceso\r\n'),
(257, 65, 'Envíos des pues de una semana\r\n'),
(258, 65, 'Entrega antes de 30 días\r\n'),
(259, 65, 'Envíos con un lapso de tiempo de un día, o de un día para otro. \r\n'),
(260, 65, 'Entregas a 30 días\r\n'),
(261, 66, 'Bajar el costo del personal\r\n'),
(262, 66, 'Mejorar la eficiencia del transporte\r\n'),
(263, 66, 'Disminuir los costos de calidad\r\n'),
(264, 66, 'Tener rápida respuesta a las demandas de los clientes. \r\n'),
(265, 67, 'Puede contener solo dígitos numéricos\r\n'),
(266, 67, 'Puede contener todos los caracteres, números, letras (mayúsculas) y algunos símbolos especiales\r\n'),
(267, 67, 'Puede contener solo mayúsculas\r\n'),
(268, 67, 'Puede contener solo números y los símbolos: - : $ / +\r\n'),
(269, 68, 'Puede contener solo dígitos numéricos\r\n'),
(270, 68, 'Puede contener todos los caracteres.\r\n'),
(271, 68, 'Puede contener solo mayúsculas\r\n'),
(272, 68, 'Puede contener solo números y los símbolos: - : $ / +\r\n'),
(273, 69, 'Puede contener solo dígitos numéricos\r\n'),
(274, 69, 'Puede contener solo mayúsculas\r\n'),
(275, 69, 'Puede contener solo números y los símbolos: - : $ / +\r\n'),
(276, 69, 'Puede contener solo los símbolos: - : $ / +\r\n'),
(277, 70, 'Solo codifica simbolos\r\n'),
(278, 70, 'Se diseñó para ser decodificado a alta velocidad\r\n'),
(279, 70, 'Sirve solo para la industria alimentaria\r\n'),
(280, 70, 'Solo se usa en supermercados\r\n'),
(281, 71, 'Es un sistema de almacenamiento de información estructurado para satisfacer la demanda de soluciones de gestión empresarial\r\n'),
(282, 71, 'Un código QR\r\n'),
(283, 71, 'Es un sistema de gestión de la información estructurado para satisfacer la demanda de soluciones de gestión empresarial\r\n'),
(284, 71, 'Un código binario\r\n'),
(285, 72, 'CO'),
(286, 72, 'TR'),
(287, 72, 'MM'),
(288, 72, 'HR'),
(289, 73, 'CO'),
(290, 73, 'TR'),
(291, 73, 'HR'),
(292, 73, 'SD'),
(293, 74, 'CO'),
(294, 74, 'PM'),
(295, 74, 'TR'),
(296, 74, 'HR'),
(297, 75, 'Un Sistema de Gestión de Transporte\r\n'),
(298, 75, 'Un Sistema de Gestión de Picking\r\n'),
(299, 75, 'Un Sistema de Gestión de Almacenes\r\n'),
(300, 75, 'Un Sistema de Gestión de Packing\r\n'),
(301, 76, 'Costo de adquisición\r\n'),
(302, 76, 'Mejora de los analisis\r\n'),
(303, 76, 'Maximización del espacio del almacén (WMS optimiza mejor los espacios).\r\n'),
(304, 76, 'Los usuarios claves\r\n'),
(305, 77, 'Personal\r\n'),
(306, 77, 'Costeos\r\n'),
(307, 77, 'Inventarios\r\n'),
(308, 77, 'Transporte\r\n'),
(309, 78, 'Un control permanente\r\n'),
(310, 78, 'Mantención trimestral\r\n'),
(311, 78, 'Un sistema de apoyo para el packing\r\n'),
(312, 78, 'Un servidor de respaldo \r\n'),
(313, 79, 'Los de personal\r\n'),
(314, 79, 'Los de investigación y desarrollo\r\n'),
(315, 79, 'Los de tipo financiero\r\n'),
(316, 79, 'Incremento de costos\r\n'),
(317, 80, 'Disminución de los costos de la logística integral\r\n'),
(318, 80, 'Reducción de los plazos de entrega\r\n'),
(319, 80, 'Reducción de costos de personal\r\n'),
(320, 80, 'Crecimiento del control operativo\r\n'),
(321, 81, 'Logística de supervisión\r\n'),
(322, 81, 'Logística de retroalimentación\r\n'),
(323, 81, 'Logística de retribución\r\n'),
(324, 81, 'Logística de almacenamiento\r\n'),
(325, 82, 'Seguridad Industrial y Prevención de Riesgos\r\n'),
(326, 82, 'Determinación de procesos de transformación\r\n'),
(327, 82, 'Despacho o distribución Interna\r\n'),
(328, 82, 'Análisis de la Carga a Transportar\r\n'),
(329, 83, 'Análisis y Gestión de Documentación\r\n'),
(330, 83, 'Reacondicionamiento de productos\r\n'),
(331, 83, 'Análisis de Costos\r\n'),
(332, 83, 'Preparación de Pedidos\r\n'),
(333, 84, 'Seguridad Industrial y Prevención de Riesgos\r\n'),
(334, 84, 'Selección del Medio de Transporte: \r\n'),
(335, 84, 'Despacho o distribución Interna\r\n'),
(336, 84, 'Logística avanzada\r\n'),
(337, 85, 'Servicio\r\n'),
(338, 85, 'Retroceso\r\n'),
(339, 85, 'Industrial\r\n'),
(340, 85, 'Distribución\r\n'),
(341, 86, 'Falta de stock\r\n'),
(342, 86, 'Quiebre de stock\r\n'),
(343, 86, 'Mercancía en estado defectuoso\r\n'),
(344, 86, 'Cambios en el Set Up\r\n'),
(345, 87, '6'),
(346, 87, '5'),
(347, 87, '7'),
(348, 87, '4'),
(349, 88, 'La Gestión del Tráfico y Transportes\r\n'),
(350, 88, 'La  Gestión de Inventario\r\n'),
(351, 88, 'La Gestión de la Estructura de la Planta\r\n'),
(352, 88, 'La Gestión del Almacenamiento y Manipulación de Materiales\r\n'),
(353, 89, 'La Gestión de Inventario\r\n'),
(354, 89, 'La Gestión de la Estructura de la Planta\r\n'),
(355, 89, 'La Gestión del Tráfico y Transportes\r\n'),
(356, 89, 'La Gestión del Almacenamiento y Manipulación de Materiales\r\n'),
(357, 90, 'La Gestión de Inventario\r\n'),
(358, 90, 'La Gestión de personal\r\n'),
(359, 90, 'La Gestión del Almacenamiento y Manipulación de Materiales\r\n'),
(360, 90, 'La Gestión de la Estructura de la Planta\r\n'),
(361, 91, 'La Gestión de Inventario\r\n'),
(362, 91, 'La Gestión de personal\r\n'),
(363, 91, 'La Gestión de despacho\r\n'),
(364, 91, 'La Gestión del Almacenamiento y Manipulación de Materiales\r\n'),
(365, 92, 'La Gestión de Inventario\r\n'),
(366, 92, 'La Gestión de las Comunicaciones y de la Información\r\n'),
(367, 92, 'La Gestión de personal\r\n'),
(368, 92, 'La Gestión de despacho\r\n'),
(369, 93, 'Líquidos\r\n'),
(370, 93, 'Explosivos\r\n'),
(371, 93, 'Sobredimensionadas.\r\n'),
(372, 93, 'Gases\r\n'),
(373, 94, 'Almacenar todo el desecho\r\n'),
(374, 94, 'Producir bienes\r\n'),
(375, 94, 'Prestar servicios de telefonía\r\n'),
(376, 94, 'Acumular y consolidar productos provenientes de varios puntos de manufactura de la misma empresa o de diferentes empresas, para combinar despachos a clientes comunes.\r\n'),
(377, 95, 'Almacenamiento\r\n'),
(378, 95, 'Transporte interno y almacenamiento\r\n'),
(379, 95, 'Reposición de productos \r\n'),
(380, 95, 'Recepción y despacho inmediato \r\n'),
(381, 96, 'Maquinarias\r\n'),
(382, 96, 'Personal\r\n'),
(383, 96, 'Espacio, equipo y personal. \r\n'),
(384, 96, 'Espacio y Equipo\r\n'),
(385, 97, 'Dedicado\r\n'),
(386, 97, 'Estandarizado\r\n'),
(387, 97, 'Aleatorio\r\n'),
(388, 97, 'Regulado\r\n'),
(389, 98, 'Aleatorio\r\n'),
(390, 98, 'Regulado\r\n'),
(391, 98, 'Estandarizado\r\n'),
(392, 98, 'Dedicado\r\n'),
(393, 99, 'Etiquetado\r\n'),
(394, 99, 'Acomodación\r\n'),
(395, 99, 'Picking\r\n'),
(396, 99, 'Inventario\r\n'),
(397, 100, 'Leche\r\n'),
(398, 100, 'Ítems de un sub–ensamble,\r\n'),
(399, 100, 'Graneles\r\n'),
(400, 100, 'Baterias\r\n'),
(401, 101, 'Desplazar el producto hacia el operador\r\n'),
(402, 101, 'Cometer menos errores\r\n'),
(403, 101, 'Incrementar la productividad en la recolección de órdenes.\r\n'),
(404, 101, 'Incrementar los costos del almacén\r\n'),
(405, 102, 'Ubicación\r\n'),
(406, 102, 'Sistemas informáticos\r\n'),
(407, 102, 'Posibilidades de reconfiguración futura del sistema\r\n'),
(408, 102, 'Respaldo de la información\r\n'),
(409, 103, 'Memoria no Volátil\r\n'),
(410, 103, 'RAM\r\n'),
(411, 103, 'SRAM\r\n'),
(412, 103, 'Memoria ROM\r\n'),
(413, 104, 'Memoria no Volátil\r\n'),
(414, 104, 'RAM\r\n'),
(415, 104, 'SRAM\r\n'),
(416, 104, 'Memoria flash\r\n'),
(417, 105, 'Pantalla\r\n'),
(418, 105, 'Tag\r\n'),
(419, 105, 'RFID\r\n'),
(420, 105, 'Escáner\r\n'),
(421, 106, 'Pantalla y antena\r\n'),
(422, 106, 'chip y una antena.\r\n'),
(423, 106, 'Escáner y antena\r\n'),
(424, 106, 'Memoria y Floppy\r\n'),
(425, 107, 'Celulares\r\n'),
(426, 107, 'Iones\r\n'),
(427, 107, 'Radiofrecuencia\r\n'),
(428, 107, 'Microondas\r\n'),
(429, 108, 'Voz\r\n'),
(430, 108, 'Escritura y voz\r\n'),
(431, 108, 'Lectura y escritura.\r\n'),
(432, 108, 'Escritura\r\n'),
(433, 109, 'SRAM\r\n'),
(434, 109, 'Tag\r\n'),
(435, 109, 'Serial\r\n'),
(436, 109, 'RFID\r\n'),
(437, 110, 'Un Tag\r\n'),
(438, 110, 'Un Ram\r\n'),
(439, 110, 'Una celda\r\n'),
(440, 110, 'Un código de barras.\r\n'),
(441, 111, 'Puede contener todos los caracteres.\r\n'),
(442, 111, 'Puede contener todos los caracteres, números, letras (mayúsculas) y algunos símbolos especiales\r\n'),
(443, 111, 'Puede contener SOLO números y los símbolos: - : $ / +\r\n'),
(444, 111, 'Puede contener solo dígitos numéricos\r\n'),
(445, 112, 'Puede contener solo dígitos numéricos\r\n'),
(446, 112, 'Puede contener todos los caracteres, números, letras (mayúsculas) y algunos símbolos especiales\r\n'),
(447, 112, 'Puede contener SOLO números y los símbolos: - : $ / +\r\n'),
(448, 112, 'Puede contener todos los caracteres.\r\n'),
(449, 113, 'Turnos\r\n'),
(450, 113, 'Control\r\n'),
(451, 113, 'Capacitación\r\n'),
(452, 113, 'Incentivos\r\n'),
(453, 114, 'Tareas\r\n'),
(454, 114, 'Gerentes\r\n'),
(455, 114, 'Operadores\r\n'),
(456, 114, 'De cargos cruzados o costos de transferencia.\r\n'),
(457, 115, 'Se juntan poco\r\n'),
(458, 115, 'No tienen objetivos claros\r\n'),
(459, 115, 'Tienen poco poder\r\n'),
(460, 115, 'Son descordinados\r\n'),
(461, 116, 'Crossdocking\r\n'),
(462, 116, 'Almacén\r\n'),
(463, 116, 'Just in Time\r\n'),
(464, 116, 'Las decisiones y operaciones logísticas.  \r\n'),
(465, 117, 'El Crossdocking\r\n'),
(466, 117, 'Las actividades que lo componen\r\n'),
(467, 117, 'La Programación\r\n'),
(468, 117, 'El Postponement\r\n'),
(469, 118, 'Ideales\r\n'),
(470, 118, 'Confusas\r\n'),
(471, 118, 'De gran impacto\r\n'),
(472, 118, 'Inútiles\r\n'),
(473, 119, 'Claras de Flujos Físicos\r\n'),
(474, 119, 'De producción\r\n'),
(475, 119, 'De abastecimiento\r\n'),
(476, 119, 'Claras de Responsabilidad y Autoridad\r\n'),
(477, 120, 'Ser eficaces\r\n'),
(478, 120, 'Ser ideales\r\n'),
(479, 120, 'Ser ineficaces\r\n'),
(480, 120, 'Ser los justos\r\n'),
(481, 121, 'Despacho o distribución Interna\r\n'),
(482, 121, 'De Producción\r\n'),
(483, 121, 'De servicio al cliente\r\n'),
(484, 121, 'De Picking\r\n'),
(485, 122, 'División\r\n'),
(486, 122, 'Operativo\r\n'),
(487, 122, 'De grupo de productos\r\n'),
(488, 122, 'Corporativo\r\n'),
(489, 123, 'Menor\r\n'),
(490, 123, 'Mayor\r\n'),
(491, 123, 'Mínimo\r\n'),
(492, 123, 'De un día\r\n'),
(493, 124, 'Tareas\r\n'),
(494, 124, 'Gerentes\r\n'),
(495, 124, 'Niveles de agregación\r\n'),
(496, 124, 'Operadores\r\n'),
(497, 125, 'Mínimo nivel de agregación.\r\n'),
(498, 125, 'Máximo nivel de agregación\r\n'),
(499, 125, 'Al nivel de división\r\n'),
(500, 125, 'La familia de productos\r\n'),
(501, 126, 'Menor\r\n'),
(502, 126, 'Mayor\r\n'),
(503, 126, 'Mínimo\r\n'),
(504, 126, 'De un día\r\n'),
(505, 127, 'Mas altos\r\n'),
(506, 127, 'De nivel aceptable\r\n'),
(507, 127, 'De un día\r\n'),
(508, 127, 'Mas pequeños\r\n'),
(509, 128, 'Desviación\r\n'),
(510, 128, 'Ro\r\n'),
(511, 128, 'Seno\r\n'),
(512, 128, 'Back-Forecasting\r\n'),
(513, 129, 'Flujografía\r\n'),
(514, 129, 'Desviación\r\n'),
(515, 129, 'Mantenimiento\r\n'),
(516, 129, 'La monitorización\r\n'),
(517, 130, 'Precios\r\n'),
(518, 130, 'Ventas\r\n'),
(519, 130, 'Costos\r\n'),
(520, 130, 'Devoluciones\r\n'),
(521, 131, 'Market Share\r\n'),
(522, 131, 'Flujos\r\n'),
(523, 131, 'K.P.I\r\n'),
(524, 131, 'Targets\r\n'),
(525, 132, 'Cualitativa\r\n'),
(526, 132, 'Demográfica\r\n'),
(527, 132, 'Cuantitativa\r\n'),
(528, 132, 'Social\r\n'),
(529, 133, 'Evolución\r\n'),
(530, 133, 'La gerencia de producto\r\n'),
(531, 133, 'Transporte de distribución\r\n'),
(532, 133, 'La gerencia de operaciones\r\n'),
(533, 134, 'Volumen\r\n'),
(534, 134, 'Costo\r\n'),
(535, 134, 'Rendimiento\r\n'),
(536, 134, 'Gestión de stocks\r\n'),
(537, 135, 'Aprovisionamiento\r\n'),
(538, 135, 'Gestión de stocks\r\n'),
(539, 135, 'Logística internac\r\n'),
(540, 135, 'Transporte y distribución\r\n'),
(541, 136, 'Volumen\r\n'),
(542, 136, 'Costo\r\n'),
(543, 136, 'Valor compras/número pedidos (pesos / pedido).\r\n'),
(544, 136, 'Rendimiento\r\n'),
(545, 137, 'Facilidad de cálculo\r\n'),
(546, 137, 'Utilizar Benchmarking\r\n'),
(547, 137, 'Facilidad de diseño\r\n'),
(548, 137, 'Calidad de los Pedidos Generados\r\n'),
(549, 138, 'Volumen\r\n'),
(550, 138, 'Costo\r\n'),
(551, 138, 'Rendimiento\r\n'),
(552, 138, 'Entregas perfectamente recibidas\r\n'),
(553, 139, 'Cambio del precio\r\n'),
(554, 139, 'Cambio de la rentabilidad\r\n'),
(555, 139, 'Línea pedido/número pedidos (líneas / pedido).\r\n'),
(556, 139, 'Variación de los costos\r\n'),
(557, 140, 'Volumen\r\n'),
(558, 140, 'Nivel de cumplimiento de Proveedores\r\n'),
(559, 140, 'Costo\r\n'),
(560, 140, 'Rendimiento\r\n'),
(561, 141, 'Facilidad de cálculo\r\n'),
(562, 141, 'Índice de Rotación de Mercancías\r\n'),
(563, 141, 'Utilizar Benchmarking\r\n'),
(564, 141, 'Facilidad de diseño\r\n'),
(565, 142, 'Volumen\r\n'),
(566, 142, 'Costo\r\n'),
(567, 142, 'Transporte y distribución\r\n'),
(568, 142, 'Rendimiento\r\n'),
(569, 143, 'Eficiencia\r\n'),
(570, 143, 'Productividad\r\n'),
(571, 143, 'Eficacia\r\n'),
(572, 143, 'Meta\r\n'),
(573, 144, 'Porteador\r\n'),
(574, 144, 'Agente de transporte de carga completa\r\n'),
(575, 144, 'Armador\r\n'),
(576, 144, 'Naviera\r\n'),
(577, 145, 'Eficiencia\r\n'),
(578, 145, 'Productividad\r\n'),
(579, 145, 'Eficacia\r\n'),
(580, 145, 'Meta\r\n'),
(581, 146, 'Discontinuos\r\n'),
(582, 146, 'De la información asociada\r\n'),
(583, 146, 'De almacenamiento\r\n'),
(584, 146, 'De aprovisionamiento\r\n'),
(585, 147, 'Índice de Eficiencia\r\n'),
(586, 147, 'Índice de Eficacia\r\n'),
(587, 147, 'Meta objetivo\r\n'),
(588, 147, 'Índice de Productividad\r\n'),
(589, 148, 'Porteador\r\n'),
(590, 148, 'Armador\r\n'),
(591, 148, 'Naviera\r\n'),
(592, 148, 'Forwarder\r\n'),
(593, 149, 'Discontinuos\r\n'),
(594, 149, 'De almacenamiento\r\n'),
(595, 149, 'Operacionales\r\n'),
(596, 149, 'De aprovisionamiento\r\n'),
(597, 150, 'Porteador\r\n'),
(598, 150, 'Armador\r\n'),
(599, 150, 'Operador logístico de almacenaje\r\n'),
(600, 150, 'Naviera\r\n'),
(601, 151, 'Operacionales\r\n'),
(602, 151, 'Discontinuos\r\n'),
(603, 151, 'De almacenamiento\r\n'),
(604, 151, 'De aprovisionamiento\r\n'),
(605, 152, 'Viajeros\r\n'),
(606, 152, 'Viajeros y mercancías\r\n'),
(607, 152, 'Forwader\r\n'),
(608, 152, 'Broker\r\n'),
(609, 153, 'Operacionales\r\n'),
(610, 153, 'Continuos\r\n'),
(611, 153, 'De almacenamiento\r\n'),
(612, 153, 'De aprovisionamiento\r\n'),
(613, 154, 'Finanzas\r\n'),
(614, 154, 'Contabilidad\r\n'),
(615, 154, 'Compras\r\n'),
(616, 154, 'Producción\r\n'),
(617, 155, 'Operacionales\r\n'),
(618, 155, 'De almacenamiento\r\n'),
(619, 155, 'Continuo\r\n'),
(620, 155, 'De Aprovisionamiento\r\n'),
(621, 156, 'Finanzas\r\n'),
(622, 156, 'Compras\r\n'),
(623, 156, 'Contabilidad\r\n'),
(624, 156, 'Producción\r\n'),
(625, 157, 'Operacionales\r\n'),
(626, 157, 'De aprovisionamiento\r\n'),
(627, 157, 'Continuo\r\n'),
(628, 157, 'De Almacenamiento\r\n'),
(629, 158, 'JIT\r\n'),
(630, 158, 'SCM\r\n'),
(631, 158, 'WMS\r\n'),
(632, 158, 'Lean\r\n'),
(633, 159, 'PUSH\r\n'),
(634, 159, 'PULL\r\n'),
(635, 159, 'Punto de desacoplo\r\n'),
(636, 159, 'Bottom Up\r\n'),
(637, 160, 'PUSH\r\n'),
(638, 160, 'PULL\r\n'),
(639, 160, 'Acoplo\r\n'),
(640, 160, 'Bottom Up\r\n'),
(641, 161, 'PUSH\r\n'),
(642, 161, 'SCM\r\n'),
(643, 161, 'PULL\r\n'),
(644, 161, 'Acoplo\r\n'),
(645, 162, 'B2C\r\n'),
(646, 162, 'B2B\r\n'),
(647, 162, 'C2C\r\n'),
(648, 162, 'C2B\r\n'),
(649, 163, 'Almacenamiento\r\n'),
(650, 163, 'Logística\r\n'),
(651, 163, 'Procesos\r\n'),
(652, 163, 'Tecnología\r\n'),
(653, 164, 'Almacenamiento\r\n'),
(654, 164, 'Velocidad del ciclo\r\n'),
(655, 164, 'Procesos\r\n'),
(656, 164, 'Logística de ciclos\r\n'),
(657, 165, 'Costo\r\n'),
(658, 165, 'Costo Directo\r\n'),
(659, 165, 'Costo MP\r\n'),
(660, 165, 'Gasto\r\n'),
(661, 166, 'Gasto\r\n'),
(662, 166, 'Inversión\r\n'),
(663, 166, 'Retribución\r\n'),
(664, 166, 'Costo\r\n'),
(665, 167, 'Eficacia\r\n'),
(666, 167, 'Eficiencia\r\n'),
(667, 167, 'Productividad\r\n'),
(668, 167, 'Proceso\r\n'),
(669, 168, 'El armador\r\n'),
(670, 168, 'El broker\r\n'),
(671, 168, 'El forwader\r\n'),
(672, 168, 'Realiza el transporte\r\n'),
(673, 169, 'Porteador\r\n'),
(674, 169, 'Consignatario\r\n'),
(675, 169, 'Cargador\r\n'),
(676, 169, 'Broker\r\n'),
(677, 170, 'Porteador\r\n'),
(678, 170, 'Consignatario\r\n'),
(679, 170, 'Cargador\r\n'),
(680, 170, 'Broker\r\n'),
(681, 171, 'SCM\r\n'),
(682, 171, 'Modo\r\n'),
(683, 171, 'Operador\r\n'),
(684, 171, 'Porteador\r\n'),
(685, 172, 'Marítimo\r\n'),
(686, 172, 'Multimodal\r\n'),
(687, 172, 'Aéreo\r\n'),
(688, 172, 'Terrestre\r\n'),
(689, 173, 'Factor de Almacenamiento\r\n'),
(690, 173, 'Factor de penetración\r\n'),
(691, 173, 'Factor de Procesos\r\n'),
(692, 173, 'Factor de Tecnología\r\n'),
(693, 174, 'Almacenamiento\r\n'),
(694, 174, 'Procesos\r\n'),
(695, 174, 'Carga\r\n'),
(696, 174, 'Ciclos\r\n'),
(697, 175, 'Almacenamiento\r\n'),
(698, 175, 'Recepción\r\n'),
(699, 175, 'Estiba\r\n'),
(700, 175, 'Despacho\r\n'),
(701, 176, 'Almacenamiento\r\n'),
(702, 176, 'Recepción\r\n'),
(703, 176, 'Despacho\r\n'),
(704, 176, 'Arrastre\r\n'),
(705, 177, 'Arrastre\r\n'),
(706, 177, 'Porteo\r\n'),
(707, 177, 'Grupaje\r\n'),
(708, 177, 'Despacho\r\n'),
(709, 178, '% de rechazos de clientes\r\n'),
(710, 178, '% de pedidos no entregados a tiempo\r\n'),
(711, 178, '% de devoluciones de proveedor\r\n'),
(712, 178, 'Costo logístico total\r\n'),
(713, 179, '% de rechazos de clientes\r\n'),
(714, 179, '% de devoluciones a proveedor\r\n'),
(715, 179, '% de pedidos no entregados a tiempo\r\n'),
(716, 179, '% Costo logístico total.\r\n'),
(717, 180, 'Porteador\r\n'),
(718, 180, 'TPM\r\n'),
(719, 180, 'Crossdocking\r\n'),
(720, 180, 'Broker\r\n'),
(721, 181, 'Porteador\r\n'),
(722, 181, 'Tecnología de grupos\r\n'),
(723, 181, 'TPM\r\n'),
(724, 181, 'Broker\r\n'),
(725, 182, 'Porteador\r\n'),
(726, 182, 'TPM\r\n'),
(727, 182, 'Postponemet\r\n'),
(728, 182, 'Broker\r\n'),
(729, 183, 'Factor de Almacenamiento\r\n'),
(730, 183, 'Factor de Procesos\r\n'),
(731, 183, 'ECR\r\n'),
(732, 183, 'Factor de Tecnología\r\n'),
(733, 184, 'Porteador\r\n'),
(734, 184, 'TPM\r\n'),
(735, 184, 'Broker\r\n'),
(736, 184, 'TQM\r\n'),
(737, 185, 'Factor de Almacenamiento\r\n'),
(738, 185, 'Factor de Procesos\r\n'),
(739, 185, 'La distribución física del almacén\r\n'),
(740, 185, 'Factor de Tecnología\r\n'),
(741, 186, 'Rutas\r\n'),
(742, 186, 'SCM\r\n'),
(743, 186, 'Número de plantas\r\n'),
(744, 186, 'TPM\r\n'),
(745, 187, 'El contenido\r\n'),
(746, 187, 'El continente\r\n'),
(747, 187, 'Porteo\r\n'),
(748, 187, 'Despacho\r\n');

-- --------------------------------------------------------

--
-- Estructura de tabla para la tabla `correctas`
--

CREATE TABLE `correctas` (
  `id_correctas` int(11) NOT NULL,
  `id_preguntas` int(11) NOT NULL,
  `id_alternativas` int(11) NOT NULL
) ENGINE=InnoDB DEFAULT CHARSET=utf8 COLLATE=utf8_spanish_ci;

--
-- Volcado de datos para la tabla `correctas`
--

INSERT INTO `correctas` (`id_correctas`, `id_preguntas`, `id_alternativas`) VALUES
(1, 1, 1),
(2, 2, 6),
(3, 3, 10),
(4, 4, 15),
(5, 5, 20),
(6, 6, 22),
(7, 7, 25),
(8, 8, 30),
(9, 9, 36),
(10, 10, 38),
(11, 11, 44),
(12, 12, 48),
(13, 13, 52),
(14, 14, 56),
(15, 15, 59),
(16, 16, 64),
(17, 17, 68),
(18, 18, 69),
(19, 19, 76),
(20, 20, 80),
(21, 21, 84),
(22, 22, 88),
(23, 23, 92),
(24, 24, 96),
(25, 25, 98),
(26, 26, 103),
(27, 27, 107),
(28, 28, 110),
(29, 29, 113),
(30, 30, 120),
(31, 31, 123),
(32, 32, 126),
(33, 33, 132),
(34, 34, 136),
(35, 35, 138),
(36, 36, 143),
(37, 37, 146),
(38, 38, 150),
(39, 39, 153),
(40, 40, 159),
(41, 41, 163),
(42, 42, 168),
(43, 43, 170),
(44, 44, 175),
(45, 45, 180),
(46, 46, 182),
(47, 47, 187),
(48, 48, 192),
(49, 49, 196),
(50, 50, 198),
(51, 51, 202),
(52, 52, 206),
(53, 53, 211),
(54, 54, 215),
(55, 55, 219),
(56, 56, 224),
(57, 57, 226),
(58, 58, 231),
(59, 59, 235),
(60, 60, 238),
(61, 61, 244),
(62, 62, 247),
(63, 63, 250),
(64, 64, 254),
(65, 65, 259),
(66, 66, 264),
(67, 67, 266),
(68, 68, 270),
(69, 69, 275),
(70, 70, 278),
(71, 71, 283),
(72, 72, 287),
(73, 73, 292),
(74, 74, 294),
(75, 75, 299),
(76, 76, 303),
(77, 77, 308),
(78, 78, 312),
(79, 79, 315),
(80, 80, 318),
(121, 81, 324),
(122, 82, 327),
(123, 83, 330),
(124, 84, 334),
(125, 85, 340),
(126, 86, 343),
(127, 87, 346),
(128, 88, 350),
(129, 89, 355),
(130, 90, 360),
(131, 91, 364),
(132, 92, 366),
(133, 93, 371),
(134, 94, 376),
(135, 95, 380),
(136, 96, 383),
(137, 97, 387),
(138, 98, 392),
(139, 99, 395),
(140, 100, 398),
(141, 101, 403),
(142, 102, 407),
(143, 103, 412),
(144, 104, 416),
(145, 105, 419),
(146, 106, 422),
(147, 107, 427),
(148, 108, 431),
(149, 109, 434),
(150, 110, 440),
(151, 111, 444),
(152, 112, 448),
(153, 113, 452),
(154, 114, 456),
(155, 115, 459),
(156, 116, 464),
(157, 117, 466),
(158, 118, 470),
(159, 119, 476),
(160, 120, 479),
(161, 121, 483),
(162, 122, 488),
(163, 123, 490),
(164, 124, 495),
(165, 125, 498),
(166, 126, 502),
(167, 127, 508),
(168, 128, 512),
(169, 129, 516),
(170, 130, 518),
(171, 131, 522),
(172, 132, 527),
(173, 133, 531),
(174, 134, 536),
(175, 135, 540),
(176, 136, 543),
(177, 137, 548),
(178, 138, 552),
(179, 139, 555),
(180, 140, 558),
(181, 141, 562),
(182, 142, 567),
(183, 143, 571),
(184, 144, 574),
(185, 145, 578),
(186, 146, 582),
(187, 147, 588),
(188, 148, 592),
(189, 149, 595),
(190, 150, 599),
(191, 151, 602),
(192, 152, 606),
(193, 153, 610),
(194, 154, 615),
(195, 155, 620),
(196, 156, 622),
(197, 157, 628),
(198, 158, 632),
(199, 159, 635),
(200, 160, 640),
(201, 161, 642),
(202, 162, 646),
(203, 163, 650),
(204, 164, 654),
(205, 165, 660),
(206, 166, 664),
(207, 167, 666),
(208, 168, 672),
(209, 169, 675),
(210, 170, 678),
(211, 171, 682),
(212, 172, 686),
(213, 173, 690),
(214, 174, 695),
(215, 175, 699),
(216, 176, 704),
(217, 177, 707),
(218, 178, 712),
(219, 179, 714),
(220, 180, 719),
(221, 181, 722),
(222, 182, 727),
(223, 183, 731),
(224, 184, 736),
(225, 185, 739),
(226, 186, 743),
(227, 187, 746);

-- --------------------------------------------------------

--
-- Estructura de tabla para la tabla `preguntas`
--

CREATE TABLE `preguntas` (
  `id_preguntas` int(11) NOT NULL,
  `pregunta` longtext COLLATE utf8_spanish_ci NOT NULL,
  `estado` tinyint(4) NOT NULL DEFAULT '0'
) ENGINE=InnoDB DEFAULT CHARSET=utf8 COLLATE=utf8_spanish_ci;

--
-- Volcado de datos para la tabla `preguntas`
--

INSERT INTO `preguntas` (`id_preguntas`, `pregunta`, `estado`) VALUES
(1, '¿Por qué es necesaria la logística?\r\n', 0),
(2, 'Un sistema logístico comprende entre otras funciones:\r\n', 0),
(3, 'Una empresa podrá perder clientes cuando:\n', 0),
(4, 'El valor agregado en servicios puede ayudar a: \n', 0),
(5, 'Almacén es el lugar donde:\n\n', 0),
(6, 'Las zonas auxiliares de un almacén están formadas por:\n', 0),
(7, 'Los almacenes se clasifican según:\n\n', 0),
(8, 'El código EAN más usual es:\n', 0),
(9, 'Antes de hacer la distribución en un almacén es necesario conocer las siguientes necesidades:\n\n', 0),
(10, 'Las cargas según volumen se clasifican en:\n\n', 0),
(11, 'Los elementos de la calidad son:\n\n', 0),
(12, 'Los sistemas de Gestión de calidad tienen por finalidad:\n\n', 0),
(13, 'En los principios de la Gestión de Calidad deben estar alineados:\n\n', 0),
(14, 'Para elaborar un diagrama de flujo se requiere:\n\n', 0),
(15, 'Podemos clasificar los índices de capacidad respecto a su posición considerando:\n', 0),
(16, 'Las consideraciones que debemos tener ante un indicador son:\n', 0),
(17, 'Los tipos de indicadores de calidad con los cuales, contamos son:\n', 0),
(18, 'La gestión de bodegas o CD, para las empresas son considerados como:\n\n', 0),
(19, 'Cuál es el objetivo de la gestión de almacenes:\n\n', 0),
(20, 'En el  proceso de recepción debe ser necesario:\n', 0),
(21, 'La organización fisica del almacenamiento se rige por:\n\n', 0),
(22, 'El objetivo de la gestión de almacenamiento es:\n\n', 0),
(23, 'Los sistemas de Gestión de calidad tienen por finalidad?\n\n', 0),
(24, '¿Para elaborar un diagrama de flujo se requiere?\n\n', 0),
(25, 'El picking considera acciones como: \n', 0),
(26, 'El control de los flujos de las existencias son parte de\n', 0),
(27, 'Cual de estas opciones no corresponde a aspectos de decisión de maquinarias\n', 0),
(28, '¿Cuáles son las actividades que indican el inicio del proceso de compra?\n\n', 0),
(29, 'Un buen signo de recuperación de un inventario es: ', 0),
(30, 'Los pasos para evaluar a un proveedor son:\n', 0),
(31, '"Es una función básica de la logística que se preocupa de la planificación de las necesidades de almacén (situación geográfica, volumen o capacidad del almacén, implantación, etc.).  Nos referimos a la función de:\n"', 0),
(32, 'La Cadena de Suministro es el conjunto de actividades que permite el movimiento de materiales, transformando materias primas en productos con valor agregado, y el cual posteriormente genera un flujo de:\n', 0),
(33, 'Dentro del Ciclo del Pedido, existe un paso denominado "Comprobación de Existencias", el cual hace referencia a:\n', 0),
(34, 'La Relación Potencia/Peso para los equipos de transporte establecida por la Ley 18.290 en Chile es de:\n', 0),
(35, 'La altura máxima para colocar productos dentro de un Centro de Distribución es la que corresponde a:\n', 0),
(36, 'La Documentación para Transporte Internacional de Carga Terrestre es la Carta de Porte. ¿Cuál es el documento equivalente para el transporte nacional de cargas terrestres?\n', 0),
(37, 'La programación Justo a Tiempo es una filosofía operativa alterna a:\n', 0),
(38, 'Falso Flete hace referencia a cuando:\n', 0),
(39, 'De acuerdo con el Artículo 25 bis del Código del Trabajo, un Conductor Profesional puede conducir:\n', 0),
(40, 'De acuerdo con el Decreto Supremo 158 del Ministerio de Obras Públicas, un Eje Simple de un solo neumático puede transportar hasta:\r\n', 0),
(41, '"Es una función básica de la logística que se preocupa de la planificación de las necesidades de almacén (situación geográfica, volumen o capacidad del almacén, implantación, etc.).  Nos referimos a la función de: "\r\n', 0),
(42, 'Es una función que se preocupa de la coordinación de programas de producción, marketing y compras. Nos referimos a la función de:\r\n', 0),
(43, 'Es una función que se preocupa de la gestión de stocks y distribución de productos terminados. Nos referimos a la función:\r\n', 0),
(44, 'Es una función que se preocupa de la gestión y organización de la operativa global. Nos referimos a la función:\r\n', 0),
(45, 'Es una función que se preocupa de la coordinación de los distintos medios de transporte: Planificación de circuitos de transporte de productos terminados y materias primas coordinación de transporte de exportaciones, etc. Nos referimos a la función:\r\n', 0),
(46, 'Es una práctica logística que consiste en la distribución y entrega de productos sin pasar por la fase de almacenamiento, lo que conlleva una importante reducción de costos y un menor lead time total. Nos referimos a:\r\n', 0),
(47, 'Es una técnica que consiste en la diferenciación tardía de los productos durante el proceso de producción. Nos referimos a: \r\n', 0),
(48, 'Es una herramienta importante en el diseño de los procesos logísticos y de manufactura, ya que permite una mejor visualización del sistema de producción en su conjunto. Nos referimos a:\r\n', 0),
(49, 'Es el término utilizado para identificar el comercio electrónico dirigido al consumidor final. Nos referimos a:\r\n', 0),
(50, 'Es un procedimiento informático simple que permite realizar transacciones entre empresas e intercambio de información en tiempo real, ya que los socios de negocios comparten una misma red de datos. Nos referimos a:\r\n', 0),
(51, 'A través de este sistema es posible intercambiar información referida al estado de los inventarios, programación de pedidos, especificaciones de productos, especificaciones de diseño, requerimientos de calidad, precios, catálogos, ofertas, promociones, planes de demanda y capacidades de fabricación, así como también facturas y reportes instantáneos de ventas. Nos referimos al sistema:\r\n', 0),
(52, 'Esta actividad implica la ubicación o disposición de las existencias en un lugar determinado dentro del almacén, así como la custodia de todos los artículos. Nos referimos a la actividad de:\r\n', 0),
(53, 'Esta es la actividad logística donde se debe determinar cuál es la mejor forma de producción (flujo). Nos referimos a la actividad de: \r\n', 0),
(54, 'Si el volumen o flujo de ítems y su alta utilización lo justifica, en los centros de distribución deben considerarse sistemas automáticos de ayuda, tales como:\r\n', 0),
(55, 'Una de las razones para almacenar es:\r\n', 0),
(56, 'Las bodegas rentadas presentan ventajas como:\r\n', 0),
(57, 'El pallet permite:\r\n', 0),
(58, 'El pallet americano o estandar mide:\r\n', 0),
(59, 'En contenedor Flat rack es:\r\n', 0),
(60, 'El contenedor open Top es usado para transportar:\r\n', 0),
(61, 'Es un contenedor que se usa para el transporte de liquido peligroso:\r\n', 0),
(62, 'Al diseñar un centro de distribución, debemos tratar de:\r\n', 0),
(63, 'Una bodega rentada con alto flujo nos presenta:\r\n', 0),
(64, 'JIT se entiende como:\r\n', 0),
(65, 'Rápida respuesta se entiende como:\r\n', 0),
(66, 'Los centros de distribución pueden estar diseminados en diversas regiones para:\r\n', 0),
(67, 'Un código Code 39:\r\n', 0),
(68, 'Un código Code 93:\r\n', 0),
(69, 'Un código Codabar:\r\n', 0),
(70, 'El Código QR (Quick Response) \r\n', 0),
(71, 'Un ERP es: \r\n', 0),
(72, 'En SAP el módulo de gestión de material se idenfica con las letras:\n', 0),
(73, 'En SAP el módulo comercial se idenfica con las letras:\r\n', 0),
(74, 'En SAP el módulo de Mantenimiento se idenfica con las letras:\r\n', 0),
(75, 'Un WMS es:\r\n', 0),
(76, 'Por ejemplo, es posible cuantificar los beneficios de la implementación de un WMSa partir de:\r\n', 0),
(77, 'El TPS es un sistema de gestión de:\r\n', 0),
(78, 'Se debe tener en cuenta que el WMS o el software que será instalado en el Centro de Distribución, además de tener su servidor normal, debe contar con:\r\n', 0),
(79, 'Dentro de los objetivos de la logística podemos encontrar:\n', 0),
(80, 'Dentro de los objetivos de la logística en lo que se refiere a Mercado / Clientes, podemos encontrar a:\n', 0),
(81, 'Dentro de las actividades logísticas encontramos:\r\n', 0),
(82, 'Dentro de las actividades de la logística de almacenamiento encontramos:\r\n', 0),
(83, 'Dentro de las actividades de la logística inversa encontramos:\r\n', 0),
(84, 'Dentro de las actividades de la logística de distribución encontramos:', 0),
(85, 'El análisis de costos es una de las actividades más importantes de la logística de:\r\n', 0),
(86, 'Dentro de las causas que generan la logística inversa encontramos:\r\n', 0),
(87, 'En todo proceso logístico existen funciones básicas relacionadas al buen desempeño de un plan logístico y las funciones básicas son:\r\n', 0),
(88, 'Es la función que conlleva la responsabilidad de la cantidad y surtido de materiales de que se ha de disponer para cubrir las necesidades de producción y demanda de los clientes así como el control de existencias. Nos referimos a:\r\n', 0),
(89, 'Es una función que se ocupa del movimiento físico de los materiales. Nos referimos a:\r\n', 0),
(90, 'Es la función que se preocupa de la planificación estratégica del número, ubicación, tipo y tamaño de las instalaciones de distribución (almacén, centros de distribución e incluso de las plantas). Nos referimos a:\r\n', 0),
(91, 'Es una función que se ocupa de la utilización eficaz de la infraestructura y de los medios manuales, mecánicos y/o automatizados para la manipulación física de los materiales (manutención). Nos referimos a:\r\n', 0),
(92, 'Es una función que tiene relación con el registro, análisis, almacenamiento y difusión de datos puntuales y precisos relevantes para la toma de decisiones de manera eficiente. Las comunicaciones y la información integran las áreas operacionales logísticas y las actividades de apoyo en un sistema y permiten que éste sea eficaz. Nos referimos a:\r\n', 0),
(93, 'El contenedor Flat Rack sirve para el transporte de mercancías:\r\n', 0),
(94, 'Es una misión de un centro de distribución:\r\n', 0),
(95, 'Se entiende por cross-docking\r\n', 0),
(96, 'Los recursos de un centro de distribución son:\r\n', 0),
(97, 'Operativamente este método funciona de la siguiente manera; cuando arriba una carga para ser almacenada, se le asigna el espacio disponible más cercano. Nos referimos al método de almacenamiento:\r\n', 0),
(98, 'Ocurre cuando un ítem es asignado a una localización específica o a un conjunto de localizaciones específicos. Nos referimos al método de almacenamiento:\r\n', 0),
(99, 'Representa alrededor del 63% de los costos totales en las actividades de una bodega (incluyendo recepción, almacenamiento y despacho).\r\n', 0),
(100, 'En muchos casos existen ítems cuya demanda es correlacionada. Por ejemplo:\r\n', 0),
(101, 'Agrupar las órdenes de tal forma que se cope la capacidad del equipo recolector en cada ciclo, permite:\r\n', 0),
(102, 'Dentro de los principales factores de selección de equipos de recolección de órdenes, se encuentran los siguientes:\r\n', 0),
(103, 'Es el lugar donde el fabricante guarda la información necesaria para que el dispositivo inicie y guarde información. Esta área es solamente accesible por el fabricante. Nos referimos a la:\r\n', 1),
(104, 'Esta memoria es como un disco Floppy, recuerde que la memoria flash funciona igual que la SRAM, pero no necesita la batería para mantener la información guardada en ella, sin embargo es mas lenta que la SRAM. Nos referimos a:\r\n', 0),
(105, 'Es una tecnología que establece una comunicación por medio de ondas de radio, entre un lector y una etiqueta electrónica que usualmente se encuentra adherida a un objeto cualquiera, con el propósito de identificar y monitorear. Nos referimos a:\r\n', 0),
(106, 'Un Tag está compuesto por: \r\n', 0),
(107, 'El lector, mediante sus antenas, envía información digital codificada en ondas de:\r\n', 0),
(108, 'Todos los lectores tienen la capacidad de:\r\n', 0),
(109, 'Las impresoras, se encargan de grabar la información en el:\r\n', 0),
(110, 'Es un conjunto de líneas paralelas verticales de distinto grosor y espaciado, que en su conjunto contienen una determinada información. Nos referimos a:\r\n', 0),
(111, 'Los códigos de barra se dividen en dos grandes grupos, los códigos de barras lineales y códigos de barras bidimensionales. Un código lineal EAN13: \r\n', 0),
(112, 'Un código Code 128:\r\n', 0),
(113, 'Para las empresas que han diseñado áreas separadas de responsabilidad para actividades clave, para coordinarlas puede crearse un sistema de:\r\n', 0),
(114, 'Un posible sistema de incentivos para animar la cooperación en el cruce de actividades es establecer un número:\r\n', 0),
(115, 'Aunque los comités parecen ser una solución sencilla y directa para el problema de coordinación, su desventaja es que en general:\r\n', 0),
(116, 'Una manera particular efectiva de favorecer la coordinación, es que el ejecutivo en jefe lleve a cabo una revisión de:\r\n', 0),
(117, 'En una organización matricial el gerente de la logística y la cadena de suministros, tiene la responsabilidad de todo el sistema de logística pero no tiene autoridad directa sobre:\r\n', 0),
(118, 'Aunque la organización matricial puede ser una forma de organización útil, deberíamos reconocer que las líneas de autoridad y responsabilidad suelen ser:\r\n', 0),
(119, 'La organización formal es aquella que establece líneas: \r\n', 0),
(120, 'Las empresas buscan la manera de organización formal cuando los acuerdos menos formales prueban: \r\n', 0),
(121, 'Las empresas que persiguen una estrategia de mercado tienen fuerte orientación: \r\n', 0),
(122, 'Una organización centralizada agrupa las actividades logísticas en el nivel:\r\n', 0),
(123, 'La banda de confianza de una previsión aumenta en la medida en que el horizonte del  forescat  es:\r\n', 1),
(124, 'Entendemos los diferentes grupos de datos históricos que estamos considerando como serie cronológica; Nos referimos a:\r\n', 0),
(125, 'Está representado por la cifra total de venta de la empresa en pesos. Nos referimos a:\r\n', 0),
(126, 'La fiabilidad del forescast, a medida en que utilizamos un nivel de agregación  más alto, es:\r\n', 0),
(127, 'A igualdad de condiciones, un modelo de predición funcionará mejor que otro, cuando tanto el porcentaje de error cometido como la banda de confianza sean: \r\n', 0),
(128, 'Para comprobar la efectividad del forescast, efectuaremos lo que técnicamente se conoce con el nombre de:\r\n', 0),
(129, 'Consiste en mantener una comparación matemática entre la realidad y el forescast para comprobar cuándo los valores del mismo exceden de un determinado límite de control. Nos referimos a:\r\n', 0),
(130, 'Los diferentes puntos de decisión existentes en el flujo de mercancía, dependen de una forma directa o indirecta de la previsión general de: \r\n', 0),
(131, 'Constituyen uno de los instrumentos más potentes para la consecución de los referidos objetivos logísticos. Nos referimos a:\r\n', 0),
(132, 'La información que proporcionan los K.P.I.’s debe ser siempre de naturaleza:\r\n', 0),
(133, 'Los parámetros o datos a obtener deben ofrecer toda la información necesaria para gestionar adecuadamente la actividad logística, ofreciendo los datos más significativos de la evolución de cada una de las funciones que engloban, por ejemplo:\r\n', 0),
(134, 'Es considerado un ratio de control logístico de Reunión:\r\n', 0),
(135, 'Es considerado un ratio de control logístico de Reunión:\r\n', 0),
(136, 'Es un ratio de concentración de compras\r\n', 0),
(137, 'Número y porcentaje de pedidos de compras generadas sin retraso, o sin necesidad de información adicional, nos referimos al ratio:\r\n', 0),
(138, 'Número y porcentaje de pedidos que no cumplen las especificaciones de calidad y servicio definidas, con desglose por proveedor. Nos referimos al indicador:\r\n', 0),
(139, 'Es un ratio de concentración de compras\r\n', 0),
(140, 'Consiste en calcular el nivel de efectividad en las entregas de mercancía de los proveedores en la bodega de producto terminado. Nos referimos al indicador:\r\n', 0),
(141, 'Proporción entre las ventas y las existencias promedio. Indica el número de veces que el capital invertido se recupera a través de las ventas. Nos referimos al indicador:\r\n', 0),
(142, 'Se determina midiendo el costo de las referencias que en promedio presentan irregularidades con respecto al inventario lógico valorizado cuando se realiza el inventario físico, nos referimos al indicador:\r\n', 0),
(143, 'Es la capacidad para determinar los objetivos apropiados y hacer que se cumplan. Nos referimos a:\r\n', 0),
(144, 'Es un comisionista que contrata al transportista. Nos referimos al:\r\n', 0),
(145, 'Es el resultado del esfuerzo físico y mental del hombre y no el resultado de una tecnología más sofisticada. Nos referimos a \r\n', 0),
(146, 'Está representado por los costos de la administración logística. Nos referimos al costo:\r\n', 0),
(147, 'Se calcula relacionando los bienes y servicios producidos y los recursos invertidos en su producción. Nos referimos a:\r\n', 0),
(148, 'Es un especialista en transportes complejos internacionales, monomodal o multimodal. Nos referimos a:\r\n', 0),
(149, 'Estos costos son los que están relacionados con las facilidades logísticas como son  por ejemplo los almacenes. Nos referimos a costos:\r\n', 0),
(150, 'Almacena y entrega mercancías a los clientes de sus clientes. Nos referimos a:\r\n', 0),
(151, 'Son aquellos que varían por etapas en función del volumen de circulación. Nos referimos a los costos:\r\n', 0),
(152, 'Transporte discrecional. Esta dirigido al servicio irregular para:\r\n', 0),
(153, 'Son los que varían lineal o no linealmente con el volumen de circulación. Nos referimos a los costos:\r\n', 0),
(154, 'La búsqueda y evaluación de proveedores e suna función del departamento de:\r\n', 0),
(155, 'Está representado por el costo de los pedidos. Nos referimos al costo:\r\n', 0),
(156, 'La Negociación permanente de Precios, Calidades, Condiciones de pago y Plazos de entrega, corresponde al departamento de:\r\n', 0),
(157, 'Está representados por los costos del espacio. Nos referimos al costo:\r\n', 0),
(158, '(Esbelta) Se enfoca a hacer más con menos, ligada a la manufactura implica un enfoque JIT a los negocios. Nos referimos a:\r\n', 0),
(159, 'El punto donde la demanda real entra en la cadena se denomina el:\r\n', 0),
(160, 'Experiencia que se adquiere en la gestión diaria de los procesos operativos de la cadena de suministros. Nos referimos al enfoque:\r\n', 0),
(161, 'Red de empresas de suministro que involucra desde el desarrollador de un producto o el proveedor de una materia prima, hasta la empresa que entrega el producto o servicio al consumidor final. Nos referimos a:\r\n', 0),
(162, 'Por medio de un portal Web el proveedor consulta las necesidades de inventario de los productos negociados con él y se generan las órdenes de compra para cumplir con las demandas de inventario. Nos referimos al sistema:\r\n', 0),
(163, 'Conjunto de conocimientos, acciones y medios destinados a prever y proveer los recursos necesarios que posibiliten realizar una actividad principal en tiempo, forma y al costo más oportuno en un marco de productividad y calidad. Corresponde a una definición de:\r\n', 0),
(164, 'Se mide desde el momento que se genera el pedido de ventas hasta que se coloca el producto en el cliente, esto ayuda a controlar los famosos cuellos de botella. Nos referimos a:\r\n', 0),
(165, 'Egreso, salida de dinero, desprenderse de dinero con fines que no sean los de inversión. Se considera como un:\r\n', 0),
(166, 'El gasto que realiza la empresa para llevar a cabo sus actividades operativas. Nos referimos a:\r\n', 0),
(167, 'Es la capacidad de reducir al mínimo los recursos usados para alcanzar los objetivos de la organización.\r\n', 0),
(168, 'Porteador u operador logístico, es quien: \r\n', 0),
(169, 'Es quien entrega la mercancía al porteador, y paga el servicio. Nos referimos a:\r\n', 0),
(170, 'Es el receptor de la mercancía transportada. Nos referimos a:\r\n', 0),
(171, 'Medio físico de transporte, ferrocarril, fluvial, marítimo, aéreo. Nos referimos a:\r\n', 0),
(172, 'Utiliza más de un modo para transporte. Nos referimos al transporte:\r\n', 0),
(173, 'Porcentaje de territorio cubierto por cada modo de transporte. Nos referimos a:\r\n', 0),
(174, 'Proceso de introducir la mercancía del medio de transporte. Nos referimos a:\r\n', 0),
(175, 'Proceso de colocar y afianzar o acomodar la mercancía dentro del medio de transporte. Nos referimos a:\r\n', 0),
(176, 'Parte del medio de transporte que se realiza en régimen de carga completa. Nos referimos a:\r\n', 0),
(177, 'Transporte en régimen de carga fraccionada, agrupada en contenedores, para el transporte internacional multimodal. Nos referimos a:\r\n', 0),
(178, 'Es un indicador financiero de estrategia logística global, nos referimos a:\r\n', 0),
(179, 'Es un indicador financiero de logística de abastecimiento, nos referimos a:\r\n', 0),
(180, 'Es una práctica logística que consiste en la distribución y entrega de productos sin pasar por la fase de almacenamiento, nos referimos a:\r\n', 0),
(181, 'Se relaciona con el diseño del proceso de producción, no sreferimos a:\r\n', 0),
(182, 'Diferenciación tardía de productos, nos rferimos a:\r\n', 0),
(183, 'Ponen su acento en la obtención de una mayor eficiencia de toda la cadena de productos masivos, nos referimos a: \r\n', 0),
(184, 'Es una cultura organizacional que tiende al mejoramiento del sistema a través de prácticas que valorizan el "cero defecto", nos referimos a:\r\n', 0),
(185, 'Determinar las ubicaciones de existencias y establecer el sistema de almacenamiento, es una etapa fundamental de:\r\n', 0),
(186, 'El diseño de las instalaciones hace parte de los procesos estratégicos que debe ejecutar la gestión de almacenes, dicho diseño debe incluir:\r\n', 0),
(187, 'Corresponde a la fase de diseño de la instalación, nos referimos a:\r\n', 0);

--
-- Índices para tablas volcadas
--

--
-- Indices de la tabla `alternativas`
--
ALTER TABLE `alternativas`
  ADD PRIMARY KEY (`id_alternativas`),
  ADD KEY `fk_alt_preg_idx` (`id_preguntas`);

--
-- Indices de la tabla `correctas`
--
ALTER TABLE `correctas`
  ADD PRIMARY KEY (`id_correctas`),
  ADD KEY `fk_correcta_pre_idx` (`id_preguntas`),
  ADD KEY `fk_correcta_alt_idx` (`id_alternativas`);

--
-- Indices de la tabla `preguntas`
--
ALTER TABLE `preguntas`
  ADD PRIMARY KEY (`id_preguntas`);

--
-- AUTO_INCREMENT de las tablas volcadas
--

--
-- AUTO_INCREMENT de la tabla `alternativas`
--
ALTER TABLE `alternativas`
  MODIFY `id_alternativas` int(11) NOT NULL AUTO_INCREMENT, AUTO_INCREMENT=749;
--
-- AUTO_INCREMENT de la tabla `correctas`
--
ALTER TABLE `correctas`
  MODIFY `id_correctas` int(11) NOT NULL AUTO_INCREMENT, AUTO_INCREMENT=228;
--
-- AUTO_INCREMENT de la tabla `preguntas`
--
ALTER TABLE `preguntas`
  MODIFY `id_preguntas` int(11) NOT NULL AUTO_INCREMENT, AUTO_INCREMENT=188;
--
-- Restricciones para tablas volcadas
--

--
-- Filtros para la tabla `alternativas`
--
ALTER TABLE `alternativas`
  ADD CONSTRAINT `fk_alt_preg` FOREIGN KEY (`id_preguntas`) REFERENCES `preguntas` (`id_preguntas`) ON DELETE NO ACTION ON UPDATE NO ACTION;

--
-- Filtros para la tabla `correctas`
--
ALTER TABLE `correctas`
  ADD CONSTRAINT `fk_correcta_alt` FOREIGN KEY (`id_alternativas`) REFERENCES `alternativas` (`id_alternativas`) ON DELETE NO ACTION ON UPDATE NO ACTION,
  ADD CONSTRAINT `fk_correcta_pre` FOREIGN KEY (`id_preguntas`) REFERENCES `preguntas` (`id_preguntas`) ON DELETE NO ACTION ON UPDATE NO ACTION;

/*!40101 SET CHARACTER_SET_CLIENT=@OLD_CHARACTER_SET_CLIENT */;
/*!40101 SET CHARACTER_SET_RESULTS=@OLD_CHARACTER_SET_RESULTS */;
/*!40101 SET COLLATION_CONNECTION=@OLD_COLLATION_CONNECTION */;
